id,Reviews
1,很好，超值，很好用
2,很好，遮暇功能差一些，总体还不错
3,包装太随便了，连个包装盒都没有，第一感觉很不好
4,宝贝收到了，产品非常的不好，简直就是个垃圾，我都扔了。
5,活动价很是划算，买一送一共60片才花八十五块，天天用都不心疼啊
6,使用一段时间才来评价，淡淡的香味，喜欢！
7,之前买过。用了还不错。继续回购
8,很润相对好推开。总体还可以。
9,收到了，当天晚上就用了很不错哦，
10,做活动时买的，比较划算，也比较好用
11,好用不油腻很清爽
12,气垫水润，还送了一个替换装，很值
13,一直在**买东西，质量值得信赖物流还快，以后还会继续关注的。
14,很好的，以前用别的品牌这个品牌以前用的日霜不错这个也应该不错。
15,上妆效果：容易上妆 个人情况：油性皮肤 持久情况：下午好像有点出油 整体描述：还不错 适合肤质：油性肤质
16,快递员很好，我当时没在家，给放到物业了，提醒我说，是一个小盒！用着也挺好用，自然真实！
17,一般般，还可以，价格不算贵！用起来一般般啦
18,一直在用，感觉还是不错，这次还有小礼品，谢谢啦！还有快递小哥，今天下了雪如期送达，感谢！
19,一直买在**买一个牌子的面膜，真的很补水，用完还来
20,宝贝收到非常喜欢
21,还不错  物流很快 用了再追评使用感受
22,满满一箱，上百片面膜可以用很久了，发货收到的比下单的多！赞?
23,用着还可以主要按压比较方便不用倒出来那种
24,物流很快，商品好。支持**。
25,太好用了，味道也很好闻，大爱！
26,和实体店买的一样，还送有一个面膜，用了优惠券，太合适了
27,收到货了物流特别快隔离特别好
28,很好用，一直都买这个牌子的，无限回购，物美价廉，持续囤货中。
29,感觉还好吧，第一次用隔离，一开始操作失误出现点小问题，味道还好，送了卸妆水和面膜都挺好用的
30,已经用了7张，感觉水水嫩嫩的，不过在使用时，每包的乳液有不同，有的多，有的少，总之，效果OK
31,物流好快昨天下的单今天就到了，第一次用感觉挺好的！
32,发货很快，活动期间买的，特别合算，面膜纸贴合很好，精华也蛮多，可以用好久了
33,还不错还不错
34,产品非常好，值得购买，质量过硬
35,不错媳妇用着挺好的
36,已经是第三瓶了，用了很自然，也不油腻，很清爽，下次还继续
37,不错，挺好的，挺满意的，服务也非常好，很喜欢在**买东西。
38,用着舒服，补水效果也不错，价格实惠，以后还会光顾
39,好用，性价比很高
40,很温和的一款洗面奶，不紧崩，很好
41,不错，很好，物超所值，**值得信赖！
42,当天下单当天下午就收到货了，物流很快，看着还可以，质量吗要用了才晓得，到时追评
43,好评  **买东西速度快  有保证好评  **买东西速度快  有保证
44,小小一瓶，不过看起来还不错，使用以后再来追加
45,不错哦。速度很快，~。以后就买****的了。
46,很好的隔离霜，之前买过的用了，感觉还不错，就给同事也回购了一瓶。同事也很喜欢。
47,买了就直接降价20，真的是差评差评，太坑了。
48,刚收到货 还没用开始味道还好 到时在评论
49,用了还不错，店家还送了两瓶卸妆水也很好哦
50,宝贝不错 经常在**买东西 品质有保障 而且经常做活动 物美价廉 不错不错！
51,快递挺快的，用了一片了，目前没有过敏
52,多次购买了，效果不错哦，价格便宜
53,面膜精华液量非常足，保湿效果棒棒哒，非常适合干燥的春季使用
54,很好用。还还送了1替换装。
55,买完就降价啦 不开心
56,用了半个月了才来评价一个字好好好，值得拥有。??
57,与描述一致，这款泡沫少但清洗很干净，气味优雅，一直在用，发货及时
58,之前用的是她家另一款，用着不错，还推荐了同事，这次买这一款试试，希望好用，物流非常快，到山西一天
59,面膜挺好的，一直喜欢用***的，而且配送速度也很快，给五星好评！
60,面膜包装很好，还多送的几片，
61,好用，一如既往的用这个牌子
62,很不错，香香抹了点在手上，感觉不错的，
63,超喜欢，感觉无比的高大上，点32个赞！满足我的超级少女心
64,是正品，一直在它家买
65,挺不错的，送了很多东西，婆婆妈一直用这个。
66,好用，卸妆效果非常好，用完会回购
67,很好，一直以来都是用的这款面膜！
68,一直选择****，现在感觉**的价格优势比不过~了，只剩下次日达还能安慰一下产品挺好用，老婆很满意
69,非常不错噢
70,面膜很好用，水分充足！
71,是正品，一直信赖**，可以放心购买
72,活动买的，看见评价都不错，瓶子很漂亮，但是瓶口没有密封口，有待改进。
73,面膜比较补水，蛮好的
74,买一赠一，超值，看了一下，正好适合孩子的肤质使用，必须下手啊
75,非常好用，已经是第二次回购了，之前一直在用，遮瑕效果也特别好，不会掉粉
76,洗完脸很滑，我感觉不太适合我，看个人肤质，建议慎重考虑
77,一直信赖**，发货和送货速度都很快，快递小哥也很好，以后还是**
78,用过***的还有一种，很好用，想试一试这一款
79,发货迅速而且质量不错，已经是第二次购买了
80,很好，很快，还会继续支持**。加油加油加油
81,真的很好用，很自然。不油腻，好推开。用了好多年了！
82,好极了 女朋友和。喜欢 下次还会再来的 没毛病 一如继往好评
83,非常满意，非常喜欢，谢谢亲爱的卖家
84,好用又便宜 超级满意
85,洗面奶真心不错，洗完脸以后滑滑的非常舒服，物流也是超快的
86,非常非常的地，好用划算
87,***的化妆品还是不错的，值得购买，性价比很高的活动就参加了！！！
88,我用了没有过敏，挺好的
89,还没用，感觉挺好的。快递员很敬业。
90,好用，喜欢这个牌子
91,很多次购买了，喜欢！哈哈哈哈哈哈??
92,五星好评，快递和服务都好评
93,发货速度快，质量还可以，下次有需要下次还来。
94,好用，服务态度好
95,面膜用还挺好的自己 补水效果很好?快递小哥态度也很好?
96,产品收到了，**快递公司果然给力，前一天晚上下单，第二天就到了，给快递小哥点赞。
97,一直以来都在用这个产品，补水效果非常不错！会继续支持！
98,快递点个赞，超级快，质量也是杠杠滴，已经买了两三次了，用起来感觉很不错，棒棒哒
99,**快递速度快，性价比不错，好。。。。。
100,很划算，但是现在价格没有原来美好了，呜呜呜，抢到了19ml的，开心，这个效果一直棒棒，也实惠
101,很不错的面膜，***，很不错，很滋润，用了很水润，价格很实惠**很给力，到货速度很快，很满意，赞一个
102,刚上脸有点假白 半小时后就自然了
103,一直用这个牌子，国产的骄傲，超级好用，堪比大牌，专柜一直有送小样儿，但个人感觉还是**便宜～～
104,为**来买，还挺好用的。
105,活动很划算，清洁很彻底，泡沫丰富，是会有好用的东西
106,好评，支持***，支持**的快递小哥，给快递小哥万个赞
107,在***买了好多单，划算！！！一直用***，趁双11多屯点东西！慢慢用！
108,昨天刚收到，看着不错，满意
109,感觉还不错啊，和我的皮肤颜色相近，喜欢！
110,一直在用***的面膜买了好多好多趟，用了几年快递特别快。爱你。
111,还不错，稍有些粘腻
112,还可以，味道有种似曾相识
113,值得购买，物美价廉
114,气味很好闻。还有替换装。喜欢粉粉的盒子。这个牌子护肤品不错
115,我以前在专柜买过，和这个一样好用，不过这次的更优惠一些，用完下次还要买！！
116,已收到货，多次购买了。我个人认为还OK。用完还会再来的
117,一直用的这个面膜，挺好用的，一次做活动买一送一，一次性就买了四盒，应该可以够续命两个月?
118,送货速度很快很快，早上十点下单，下午六点就收到货了。还送的有两片面膜，隔离试了一下很好
119,喜欢。很划算
120,用过一瓶了，又买的，隔离保湿效果好，不干
121,高端霸气上档次，仔仔细细，超级喜欢，下次还回来购买！！！
122,这款卸妆水挺不错的，一直用这款
123,很喜欢这个洗面奶。清洁太给力了。洗的很干净
124,不好用，骗人的
125,东西不错，值得购买
126,用起可以，双十一买的很便宜
127,整体描述：是***的回头客了，这次买的也很好
128,挺水润的，还挺亮白的，不错不错
129,还可以，有2个替换的
130,宝贝收到用了几天了，还可以啦，下次还会光顾
131,快递太给力了，晚上下的单，早上就到了，还送了2瓶小的卸妆水，可以出行方便携带啦，用了好用再来评价吧。
132,第一次用这个牌子的护肤品，不知道怎么样，用用看效果怎么样吧，如果可以就继续回购，物流很快。
133,挺好的，便宜实惠，正好遇上做活动流存了好多货，东东也不错，以后还会继续回购的。
134,颜色很正，好评！
135,很好便宜实惠支持**商城
136,很不错，一直用这个牌子，比较放心，希望越做越好！
137,昨天中午买的今天中午收到了，物流很快哦！第一次买，希望效果好用
138,洗面奶查了一下是正品，跟商家描述的差不多，最主要是便宜，买一送一很划算。以后买洗面奶就它了，给满分。
139,紫色遮黄效果特别好，用完感觉气色都特别好
140,很不错，擦得均匀服帖
141,N次购买了，货真价实，好用
142,?速度好快呀，昨天晚上下的单，今天下午就到了。
143,**实测款，薄薄一层满满精华素，用了几天，保湿提亮效果不错
144,物流好快，已经收到了，试了一下还不错，很水润，喜欢的可以考虑
145,已经用的第三瓶了，以前一直用的绿色，这次换了紫色，不过还是一如既往的好用啊。美白还可以遮暇，大大的赞
146,之前用的瓶装紫色的，不太适合我，这个很好用，喜欢，好评
147,给媳妇买的，媳妇说很好值得拥有。
148,效果真的一般，连续用了三天，皮肤早上起来都是很干的，
149,东西正经不错，好东西和大家分享，希望你买了也会喜欢?
150,清爽而光滑，效果不错，色泽唯美，气味甜美，推荐有红血丝的可以用哦?
151,香香的的肌肤是***馈赠的
152,这款面膜很好用不油腻感觉也好
153,本人敏感肌一直用的都是***，用完不紧绷。
154,这个面膜挺好用的
155,还可以，妈妈说好
156,货收到了，快递很给力，一直用这款！
157,第一次买，还没有使用，期待效果，就是客服回复太慢了
158,包装简陋，没有说明书。正品？？
159,味道清新，用着挺自然的
160,挺喜欢的品质，一直都很好用
161,面膜很好，很补水，用完了还会在买
162,遮瑕效果：好多推荐这款的，买来试试，混干皮用下来有点干，加了精华再上脸好点，哑光质感，蛮好。
163,面膜收到了，包装的很好，没有破损！**商城的就是好，快递人员服务态度也很好，满意！
164,很好吸收，遮瑕不适合，但是隔离效果，挺好的，保湿度，一般般，
165,东西很好用哦
166,慢慢的一箱子。哈哈，太赞了
167,不错的面膜，还是买一赠一，用完还会再来购买！！！不错的一次购物！！
168,**送货超级快！还没用！是正品！以后还会购买的！
169,喜欢，喜欢，用完皮肤很润，也很好吸收，一直在这里买！
170,包装很好，面膜还可以吧！帮老妈买的。
171,效果不错，下次在给我媳妇买。
172,很棒，买一送一，
173,质量好，升级版不干燥。给个五星好评吧。
174,根本卸不干净，脸上还有点痒
175,防晒效果：还没有使用，囤货试试看
176,上次买BB霜卖家送了两张面膜，觉得蛮好用的，就买了一些
177,一直用的***，比较清爽，喜欢
178,颜色好看，服务态度很好。物流快速。希望好用，下次再买。。。
179,还没有用，用过之后再来评价，信赖的**，一直很棒。。。。
180,看起来不错
181,朋友给推荐的，很好用，隔离效果不错
182,蛮不错的，期待已久，看有活动秒下单?
183,很不错，清澈
184,大姐让我帮着买的，我自己也在用，擦在脸上很自然，和皮肤很贴，脸也显得有光泽，很好！
185,新包装样式也很喜欢
186,双十一很划算，物流也很给力
187,非常不错，老客户了，他家保湿真的好，我还是容易过敏的皮肤，用他家的没事
188,卖家服务态度很好，宝贝很不错  物流也很快
189,喜欢喜欢 特别补水 真的很耐斯～
190,还么用，看着不错，期待效果，物流超级给力！
191,感觉不错，下次买其他的试试?
192,特别喜欢这个新包装的，很方便啦，一直用***的产品，这个卸妆水，用完不紧绷，很保湿的，继续支持
193,不油腻，卸妆也很干净，双11活动买的，很划算
194,一如既往的好用，忘记是第几次买了。
195,面膜很好用，**平台有保障，很补水，效果不错的。
196,不错，下次再来
197,用起来了还可以，好评！
198,好用实惠，好用，值得购买，
199,这次的面膜用着过敏了！一直都在用这个牌子！不知道为什么会过敏！
200,用了，效果很好，白皙水嫩擦后脸上没有干粉。好评
201,洗面奶收到，今天用了，洗完后真的一点也不紧绷，超值了！
202,每天需要化妆，买了很多卸妆水都不行。只有这款卸妆水很好用，清爽不刺激。
203,非常好用！！！特别补水，我干皮用着很不错
204,包装很高大尚！还没用，但看起来就很好。还送了化妆水，很喜欢！
205,收到马上试了一下，卸妆效果很好，很干净，但是不刺激皮肤，挺舒服的，脸也感觉滑滑的，很划算。
206,之前就用过这是第二次购买了！好用
207,很好用，喜欢哦
208,做了功课才来买的，成分很安全，用了一片后感觉效果不错，以后要常用啦
209,拿回来用了几片，保温效果挺好的，第一次用皮肤也没有出现过敏现象。
210,赠品两贴，搜了一下9.9一贴，老价格来说应该不差
211,还没用，用后再来追加，看着不错??
212,这个是第二次买了，活动买很划算的，面膜也很好用
213,物美价廉，味道不错。下次活动在买
214,物流快当晚就用了一片精华液很多，敷完脸嫩嫩的，不错！
215,还是有点白！擦的  所以我就只擦这个. 不用再擦bb了
216,超好用淡淡的香味还送了面膜喜欢的朋友赶快入手吧
217,还没有用，等用过后再评价！包装太简陋了，连个像样的包装盒都没有！
218,不喜欢，感觉和洗头发的没有区别
219,油
220,什么东西哦，太假了，忽悠人的哦，质量没有第一次买的好，这次购买是假货，太失望了。
221,量大便宜，赞
222,第一次敷  感觉不错  很水嫩还会购买
223,不错，效果很好，速度很快
224,好用，值得购买，还有赠品，不错
225,一下买了两份，挺好的，敷完水水嫩嫩的
226,好快呀！昨天下午订货，今天上午就到了，足足六大盒
227,很实惠！精华液特别多，但是用后效果一般，感觉不是很好吸收
228,还没有上脸用 很小得一支 买之前看评论有送小样！收到之后什么赠品也没有 有点失望 总体来说还可以！！
229,物流也快，实惠！物流也快，实惠！物流也快，实惠！物流也快，实惠！
230,暂时还没开始用，等我用了再追加吧，看着包装还是挺不错的。
231,趁活动囤的 冬天的面膜用的超费 不多长时间 面膜见底了
232,好评 不知道会不会过敏 敏感肌应该可以用
233,还可以吧！觉得挺补水的，
234,自己已经付了三片感觉跟实体店的比起来一样。价格比实体店的要便宜很多。
235,几百块钱的产品里给我放个近期在里面  还说都是保质期三四年呢客服态度敷衍了事
236,宝贝收到了，之前买的还没用完，囤着，满意，还会回购
237,我是混合型皮肤，买的清爽型，不油腻
238,这款面膜好用不贵，之前买护肤品送了几片，用过感觉挺补水的。
239,第二次购买了，很温和。给朋友们推荐了，大家都说好用。就是没有礼盒包装，不开心
240,非常好的商品，我很满意，值得购买好评，可以买。
241,这是第三次买了保湿效果不错，这次还送了盒子，谢谢老板
242,挺好，买很多次了
243,不错不错  还送了两个独立包装
244,价格很优惠，质量特别好！
245,好用，滋润，喜欢
246,用过之后再追评  之后有用一个送的体验装  感觉那个很好用
247,用过一次这款隔离感觉我用的比别家比较适合我很喜欢这次继续回购
248,帮朋友买的价格合算，送货速度很快。
249,东西挺好的，媳妇很喜欢
250,收到了，不错哟
251,之前就用的***洗面奶 用着很好 不刺激皮肤 买一赠一也很实惠 满意
252,我是***专业户，品牌值得信赖，**值得信赖，产品物流都给力。
253,水分不是很足，，，
254,还可以，给老家买的，用了不错
255,洗面奶很好闻
256,质量不错哦，连续购买了好几套呢，服务态度很好
257,好用，温和的，洗完脸不紧绷，喜欢。
258,好几百的东西包装好差像地滩货，产品还没使用
259,用了两次，感觉挺好了，洗完脸上感觉很光滑，补水效果很不错，
260,其中有一片包装坏了，水漏的其他上面都是
261,挺好用，很滋润。也很自然。用了一段时间才来评的
262,不好用  有点都不显白
263,速度一如既往的快。气垫使用方便，必备
264,很好用，家里人都用***，已经习惯，感觉还不错，挺适合自己的。
265,是真东西，一直都在用
266,用过多次，一直在这家买，气味淡淡的，很滋润
267,粉扑设计的非常棒，盒子颜值很高。用了再来追评。
268,宝贝收到了，物流速度，谢谢亲，快递真的快
269,香香的，很润，挺好
270,不是很好用，卸得不是很干净，虽然很大一瓶，可是卸不干净，浪费了，卸口红要卸很多次才可以
271,第二次购买，好用用过肤色好好，**快！服务好！
272,和我在店里买的一样，价格还便宜，以后***就在你家买了，希望店家保持正品哦
273,还可以，就是没写敷面膜之后还洗脸不。
274,买给妈妈用，妈妈一直用这个，说很好
275,提好的东西，值得买。
276,挺好，泡沫丰富，洗的很干净
277,还没用过，美白的那款洁面挺好的
278,还不错，下次还可以考虑，推荐各位可以考虑。
279,很多泡泡，好用
280,我一直用这个很好
281,因为***了解到***品牌，真的很不错，面膜很好用，乳液也很适合我，会回购的
282,一直用的呢，非常好用，遮瑕效果很好，一次性买了两个隔离，一个bb，大爱
283,和以前买的套装里的一样，很好用！
284,很好用，温和不刺激，清洁力也不错，好评
285,卸妆水收到了，很好用，卸妆效果很好，用后脸不紧绷！一直用***，相信**！
286,挺好闻的，不假白亮肤滋润，第一次买到那么好的隔离霜。
287,很好用很喜欢。效果挺好的，很贴皮肤用完还会买的
288,价格便宜活动给力，夏天防晒配卸妆，不错。
289,好用，不浮粉，下次还会购买，不错，
290,很薄，挺补水的，就是买贵了，有买一赠一的活动
291,自然，服帖
292,收到货，还没用，应该不错的，味道很好闻，哈
293,这个蛮好用的，轻薄也不油腻，看起来也蛮自然的。不过要选对水乳哦
294,不错哦，特别便宜，一直在用此宝贝，值得推荐，敷完很湿润，小姐姐们赶紧抢购吧
295,赠的东西挺多的，
296,还可以，遮瑕效果挺好，就是不保湿，用了皮肤好干
297,买了2次，感觉没以前好用了
298,买给小女友的，反馈情况良好，使用无异常，喜欢这种东西&hellip
299,买了好多次了 好用
300,这包装的也是太随便了，面膜，装够数，然后用胶纸包一下，盒子也没个，一点也不值100多块钱的东西
301,**购物，物美价廉，用的放心，下次再来~
302,一直都在用，非常好用！！！
303,平时都是用这个牌子的，个人觉得这个适合冬天用，油而不腻。
304,气垫还不错，轻薄不油腻，还送了两个替换装
305,面膜很好用，一直都用这牌子子的，信赖**
306,挺好的，很均匀
307,收到了，第一次用，试了一下，挺好的，以后还会光顾
308,挺好用的，不卡粉，用着很自然，可以维持一整天?喜欢?
309,卖家送的礼品超级喜欢 面膜二十贴放在里面刚刚好 再也不用担心面膜没地方放了 么么哒
310,之前用的我姐的蓝色的，挺好用，就买的
311,买了超级多，囤货中，赠送包包太好看了，装赠的旅行装很配套，喜欢！！
312,非常好用，一直都用的这个牌子。
313,还没用不知道怎么样，但是快递好快，昨天下午下单今天上午就到了
314,包装很满意，不过还没用
315,一直用的***护肤品，这个面膜用完皮肤很滑嫩，不刺激
316,感觉防晒都是有点油
317,一直在用这款，很好用，一直再复购
318,给妈妈买的，妈妈很喜欢
319,还不错挺喜欢的
320,闻起来很好闻，效果用了才知道，应该不错，赠品很好很实在
321,刚才试用一下，挺好，~扫出来是正品。推荐购买。
322,还没用，用了上次买化妆品送的，感觉还可以，就购买了
323,不错哦。速度很快，~。以后就买****的了。
324,第二次购买了 好用 夏天必备
325,**发货送货很快，服务态度很好，质量值得信赖，好评！
326,用**白条买的，超实惠。第1次用***的气垫真的不错。用完了还会回购的。
327,面膜好用，一直在用这个牌子的化妆品。
328,朋友推荐的这款，第一次使用，很清爽保湿，有一点淡淡的香味，特别好闻
329,一直都在用这个，特别好用值得购买
330,宝贝收到了，活动促销买的，还没用，不知道效果如何，卖家发货比较慢，催了几次才发
331,质地柔软均匀，非常喜欢，还会再来点
332,客服态度很好尤其是这个汐曼
333,产品很好，啥赠品都没
334,隔离防晒霜正品，我己经用过了，很好用，非常适合干燥缺水的皮肤，用完以后皮肤水润白皙，很自然。
335,用着还可以，挺好的
336,特价囤的，物流也快，符合预期
337,正品！ 和在屈臣氏的味道一样～不是很好闻～ 但是正常
338,一大箱，能用很长一段时间了，价格实惠，两件八折，果断买两件，囤货。
339,只有一个塑封袋，也没有盒子感觉好假好假。真心觉得不开心
340,挺好的啊啊挺好的啊啊啊
341,还没有我买的50多的za好用 目前最难用的一款隔离 根本不好晕开 也遮不住什么
342,趁活动买了两份，看着还不错，晚上试试效果
343,挺不错的，一直用这款
344,面膜很好，很水润，物美价廉，喜欢
345,感觉还可以。一两贴看不出效果，多贴几贴之后再来评价。
346,物流很快，性价比很高，好评！满意的一次购物
347,还没有用，听朋友介绍下单的！期待好的效果！特别实惠这次买的！物流太给力了！
348,补水效果很好，味道也好闻。
349,东西很不错，就是按着不好弄，流出来很少，质量杠杠的
350,保湿不油腻，适合我的肤质
351,这款气垫cc真不错的，很接近肤色，不是特别油，有淡淡得香味，太超值了，买一个送两个，这些能用好长时间
352,昨天试用了，不干，挺温和~
353,很好，明天开始用
354,第二次购买了，温和卸妆无负担，卸眼妆都不会感觉刺激，也不干，卸的干净，量大耐用。挺喜欢的
355,回头客了，挺好
356,很迷你，很细腻白的不浮夸，淡淡的香味，要好好卸妆
357,"价格实惠,物流很快,一直信赖**"
358,可以的很温和不敏感好评
359,第一次用，还可以。价位也非常合适。以后有活动还会继续光顾的。
360,价格很优惠，就是保质期太短了，给个好评鼓给个励 商品很不错！
361,很喜欢，第二次购买了，很好用
362,第二次买，就是生产日期比较旧
363,可以。。。
364,去年给老妈买过  说好用  活动买的  就是看着包装和原来的稍微有点不一样  不知道用着怎么样了
365,**快递速度快，昨天下单，今天就到了，面膜与实物相符，效果等用了才知道，不过应该给快递点赞。
366,不错?????????????????????????????
367,看产品成分选的，面膜也很水不粘稠，价格实惠基础补水护肤很适合，至于修复角质层的效果得等一段时间。
368,以前用过，挺温和的
369,一直在用***产品，适合我皮肤，很好
370,以前在实体店买过，在**看到这款，比实体店要便宜太多了，价格优惠，用着也挺好
371,易过敏体质用了也很舒服，还是不错
372,非常好。第一次买。用起来很好。很白。隔离效果很好。也不壳粉 以后会继续购买 送了赠品 都是正品
373,外壳好看，还送了两个替换装，好评好评，祝卖家生意兴隆
374,洗面奶收到了，这是第二次购买洗面奶很好用，洗了之后水润润的。
375,很好，很划算，很划算，一直会购买！妈妈很喜欢！
376,有疑问小鲸鱼都一一解答服务非常好
377,味道非常喜欢，很滋润
378,第一次用，真的挺不错的，是我想要的，下次还会来的
379,一次买了好多，夏天来了，多补水多敷面膜。看着就喜欢，希望效果也很好。
380,挺小一瓶，很好推开，显白水润还送卸妆水，就是有点小贵
381,很讨厌有一片面膜破了，水漏了一袋子
382,孩子喜欢这款洗面奶，活动价买的，划算
383,这是回购的，用着很不错，水乳用的也是***，真的挺好。
384,第二次购买了，很好用，味道也好，有意向的可以下手了
385,感觉应该不是正品，我在商场买的包装袋外面有一层保护膜，网上买的保护膜都没有
386,面膜很好用，用完再回购
387,不错价格实惠
388,面膜很润，很柔暖，敷了两次了，感觉还可以
389,用了，还不错，果冻的质地还可以。面膜是布制的，洗洗可以当抹布或者小毛巾什么的，也挺环保。可以的
390,给老婆买的，这个用着挺好
391,很好用，和实体店的质量一样的，第一次网购这个品牌的粉底液，BB霜，下次有机会肯定还会继续购买
392,是正品，跟店里的一样，用了几片了，感觉效果挺好。
393,用着非常好，我很喜欢。棒棒的。
394,使用过这个牌子的化妆品，还可以，**配送很给力，五分好评
395,一直都钟爱的牌子，适合自己最重要
396,一直用这个产品很喜欢
397,第一次用，用着还不错，稍微有点改变，不过有点干。
398,感觉可以，很好涂抹，味道也喜欢。
399,包装盒压扁了，快递很负责的让我打开看看有没有破损，第一次用这个牌子的护肤品，好用会回购的
400,很好用，已经推荐给朋友了，自己也会回购
401,面膜很好，物流也很快，用完了还继续买
402,服务超级棒  物流很快  东西也是正品  这次网购很高兴
403,第二天就送到了，马上试了下，不卡粉是我喜欢的
404,很好，不错
405,卖家赠送的 非常好 喜欢
406,第一次使用气垫cc，果然比bb霜好用多了，很细腻，也很提亮肤色，，相当不错，**快递更是没得说
407,不错是正品，价格有优势，快递也很给力，以后会继续购买
408,买一送一很划算
409,挺好的不错。多给我点点豆子吧。
410,挺好的!用完再购！
411,不好用，*，不好用
412,好划算，还没用。看着还不错。69买一送一，加9.9在买一份一共60片。包装也挺好看的，可以用好久。
413,老婆自已挑的，希望满意！
414,媳妇说挺实惠，送了两个备用
415,超级好用，超级划算！！！购买N次一如既往地好！还会继续光顾！！！
416,本来就有一个又送一个，实际相当于三个。味道还可以
417,个人干湿混合型，上妆比较滋润，相较其他遮瑕，没有那么强，比较轻薄。持久度还是挺ok的，
418,第六次购买了  面膜补水非常好 而且是超值装  清爽补水棒棒哒
419,帮朋友下的单，问了朋友，说效果不错。
420,很好，很快，还会继续支持**。加油加油加油
421,又划算，又多这么多的面膜，可以用好长时间了，用过之后脸上滑滑的嫩嫩的喜欢
422,感觉还可以，洗了脸不会紧绷，去油效果很好，用起来很舒服，泡泡多，味道清香，这个价格很划算。
423,非常不错，泡沫细腻，味道很好闻，棒棒哒！
424,价格不贵，含量比较少，应该还不错挺好的
425,质量不错！老婆很喜欢！
426,双十一买的，便宜了不少呢，一直都在用这个牌子的面膜，很好用，非常喜欢
427,这个卸妆水很不错呀，并且买300ml的卸妆水，给了160ml的赠品卸妆水，赞！
428,一般，感觉洗不干净
429,送货速度很快，一直用***的护肤品，很好用。
430,平时也舍不得买，有活动才买
431,一直都用这个，第一次在网上买这个，味道闻起来是一样的，希望一样好用
432,温和程度：很好。清洁效果：不错。控油效果：还行。泡沫丰富度：一般。保湿效果：挺可以。
433,自己用着还不错，这个是送给妹妹的，挺好
434,很不错，配送很快
435,查了是正品放心使用，买了***的水乳，爽肤水，还有面霜，宝贝不错，可以用好几个月了。
436,用后感觉挺好的。
437,还没用不知道怎么样，但是跟专柜的有区别，外面摸着特别软，专柜的外面摸着是有点硬度的
438,物流真是快阿，物美价廉好评
439,一点都没有遮暇效果，反正只能说不过敏吧
440,酒精味好浓
441,超级好用，物美价廉
442,扫二维码查了是正品，朋友推荐的，用一段时间后再来评价。
443,好用好用水润
444,还没用，但很快就到了i
445,一直用的这个牌子，挺温和的水润，还送了小瓶的
446,很好，需要还会再来
447,还可以吧，不油不腻
448,不错哦。速度很快，~。以后就买****的了。
449,东西很好啊有活动时候买的也很划算 很好吃！**牛批
450,一直用挺不错
451,宝贝儿收到了，一切都好，我还担心会冻了，打开看了没冻心情美美哒，这款面膜保湿效果真的不错哦！
452,还可以吧就是涂在脸上有些干
453,个人情况：有点点酒精味，不过能接受，就不不知道用久了会不会对皮肤不太好
454,超级好用，物美价廉，效果也超级好。用了之后感觉皮肤明显变好。
455,东西挺好用的，保湿度强
456,已扫码验过是正品??
457,很香，保湿做好不会有卡粉浮粉现象。就是补妆要勤快些。呵呵
458,面膜超好用 实惠
459,挺好的，用了以后还想用，下次还会购买
460,这个品牌我用了10年了这次购买不是正品
461,很好不错非常喜欢下次再买
462,面膜不错，水分精华很多，包装差劲，就一个透明带子装，没有包装盒，
463,超好用，完全可以用物美价廉四个字形容，已购两箱子备用。
464,很好用，还会回购的。
465,一直在这家店购宝贝，现在这个季节涨价太多了
466,方便快捷不错不错，最近活动不给力啊
467,特别好 很好 非常好 很喜欢 特别实惠哈哈
468,物流特别特别给力，卖家服务态度非常好?，用的好在光顾
469,还可以  水水的  就是不知道卸妆了没  化妆棉颜色也没啥变化
470,遮瑕还好，就是太干
471,很好用，很喜欢
472,很好的面膜，补水效果杠杠滴。我用的所有护肤品都是***的，老牌子值得信赖
473,补水效果特别好！好评！比实体店的价格优惠，物流也快！一直信赖**！还送了一个盒子！
474,味道很喜欢，价格也很划算
475,这都好几天了，快递还没有收到，
476,买了好多好多送给婆婆，她很喜欢
477,声明不是盗图，一下买了20片，却下了两个单?物流快，包装严实，???
478,不错挺好，快递及时专业
479,还可以吧，淡淡的味道，卸的也干净
480,补水效果不错，现在天气太冷，不敢用！
481,泛白，不持妆，透气性也很一般，不推荐。
482,实惠，回购很多次了，速度很快，第二天就到了
483,很好用用过好几次了清洁能力：清洗很容易
484,便宜实惠，凑单买的，好用的话再买！
485,收到了，用着挺不错的
486,这个卸妆水还可以，比我之前的好用！
487,发错了，发一瓶霜！
488,确认过鼻子，是我喜欢的味道，这个味道很熟悉，但就是说不上来是哪一种感觉
489,给女朋友买的，她说不好用很垃圾。让我给个差评。第一次给女朋友买化妆品类的东西就出现这种情况很忧伤。
490,整体还不错吧  就是没有我之前买的洗面奶好用  洗完脸之后有点滑  清洁效果一般般吧
491,防晒效果怎么样一时真看不出来，但是成膜快，不假面，不油不闷痘。后续上底妆些许在眼皮挫泥，就酱
492,第二次购买了，用着还不错，挺补水的，还很便宜好评
493,**的物流超快的，隔天就收到了，点个赞。面膜挺好用的，补水效果不错，价格很实惠，棒棒哒！
494,赠送的，挺好的
495,这款洗面奶会刺激皮肤，而且洗完后会紧绷
496,**快递太给力了，昨天下单，今天收到
497,还木有用 不知道是不是正品 以后补
498,****质量有保证，效率服务都很满意，老婆很喜欢这款面膜.
499,物流很快，一直用这个牌子，质量很好是正品，活动买的很划算。
500,宝贝已收到，希望是正品，送了两个小样的卸妆水
501,一直用，感觉不错，赞一个
502,味道淡淡的  水分超足  没有刺激感
503,产品质量好，价格实惠，大品牌值得信赖
504,买了几次了，很好用！经济，实惠！支持**！
505,用了感觉有酒精味道，但是很快就挥发，我敏感肌肤，用了不过敏，比安耐晒质地清爽，不油腻，而且擦了有提亮肤色现货
506,不错挺好的，价格实惠还有赠品
507,有史以来买的最垃圾的一次，一点不好用跟二十块钱的产品没什么区别，还望广大网购的朋友们慎重再慎重。
508,太好了！**的**产品就是让人买的放心用的舒心！全满分好评！
509,这个牌子第二次购买了，特别好用补水效果杠杠滴！
510,很好的，用了白白的，也不油腻
511,发货快，一如既往的好
512,面膜很好用，老婆多次购买了
513,收货很快，还送了一个替换装，不错?
514,价格优惠，泡沫多，洗后不紧绷，特别干净
515,**发货超快，包装也挺好的，三八女神节拍的，价格实惠，查了验证码，是正品，下次回购。
516,东西很好，质量不错玩，****用着放心，性价比高，值得购买。
517,质量不错的，帮朋友买的，比实体店便宜不少钱的呀
518,很控油很持妆！就是稍微有点干。颜色也很好。
519,大爱，还是有活动的时候买最合适，一直在用这个品牌，****，我很放心
520,物流超快，很好和喜欢
521,送货挺快，东西收到了看了看，还没用但愿是正品用了肌肤有所改善
522,这是第二次购买了，价格合适，还很好用
523,还没用，好评
524,是我喜欢的面膜，真的实惠实用
525,不错 送货速度超快  用了一次 感觉不错
526,囤货，一直都用的***，相信它
527,用了几片，才来评论，效果还可以
528,收到了 物流很快呢 活动买的很划算哦
529,不怎么样，卡粉，太白，买的已经是最暗的了还是太白
530,还没开始用，好像还可以
531,用了2年了性价比高而且好用一如既往的会买这款隔离
532,凑单，买来粉扑的，挺干净
533,多次购买，听说用着还不错！
534,不错，真的好用，用完一点也不油，超清爽的，强烈推荐
535,物流太快了，昨天晚上下单今天中午就到了。一直都在用，很好用
536,老婆说很好很喜欢，继续关注
537,宝贝收到了，这个牌子很喜欢，不贵好用的牌子，我一直用它，希望和以前买的一样好用！
538,很好。不错。
539,40G真的好小 挺湿润的
540,味道很好闻，就是泡沫有点少，，比较费
541,感觉还不错，喜欢下次还会来光顾
542,应该可以，我一直用***，还没折开用，也不知送的什么礼品，等折开用时再评价
543,性价比高，被好评吸引过来，还有赠品，用用再说。
544,昨天晚上买的  中午就到了  很快
545,买了好几次了，补水效果感觉还不错，就是优惠力度感觉没有以前大了！
546,一直用的***的，这次换换这个***的试试，好评吧！
547,还没开始使用，包装很漂亮，60片可以用上一段日子了，等6.18再来囤货。
548,挺好的，遮瑕的效果也特别好，特别喜欢，物流也特别快
549,补水效果不错，物流也很快！一直都用这牌子的东西真的很好用
550,满意，搞活动双十一买的很划算，第一次买这个牌子的面膜，不知道效果怎么样，
551,给妹子买的不是很懂，反馈效果说很不错
552,挺好的呀呀呀呀呀呀呀呀呀呀呀呀
553,补水效果好，用后脸水润润的，味道清香，易吸收，做活动买的，很划算。
554,还没用，送了面膜，包装还不错，忘记拍照了，物流还蛮快
555,还不错吧，看~上推荐的，价格便宜，具体作用，有待时间的检验
556,面膜超级划算，很喜欢**买东西，又便宜又快。购物体验很好！面膜也不错。补水效果不错！
557,确实挺好用，挺舒服，挺干净！！！！之前也考虑过其它的，感觉这个性价比高！
558,好开心，送了超级多中样
559,一直用这个，保湿效果非常好，干性皮肤很适合用，冬天再也不怕天气干燥
560,很好用，一直都在用，也很好涂抹，一抹就开！
561,还可以还有赠送，很实惠！
562,包装也太丑了。。吧
563,很好，下次再来购买。
564,哈哈哈哈哈，好快就到啦，很喜欢，很香哦！
565,感觉太白了，白的不自然。
566,还不错吧，给老妈买的，还送了很多赠品，如果用着好，我也给自己买试试
567,很不错，又便宜。精华很多！
568,用后水水嫩嫩的，不油腻
569,保质期四年，买到手还剩两年，怪不得便宜了，应当提前告知不足四年的！
570,很好，是正品
571,看起来还不错，等用了再来评论吧
572,当天到货，才拿到就打开试用，涂在手上我用湿毛巾擦都擦不掉，清香型，很喜欢
573,****，优惠多多。非常满意。希望能白一点。
574,与描述的一样 没让人失望
575,确实挺白的，不过用完脸上长痘，还刺痒啊
576,大品牌值得信赖，**快递速度很快。
577,补水的，买隔离送的，很满意，谢谢，好评哈
578,很不错，用起来感觉很水润
579,颜色挺合适，自然偏白
580,买回来先用一张，不过敏，好
581,第二次购买了，一直都是在**买的化妆品，面膜什么的，发货速度快，商品好，信赖**
582,用了几天感觉很好
583,挺香的，感觉效果不错，泡沫很多
584,一直在用这个牌子的护肤品，感觉很不错
585,非常好用很好
586,包装精美，质量上乘，价格合理，值得购买。
587,第一次用这个牌子，感觉也还好。一直在**买东西，速度快，质量有保证，相信**，相信#。
588,这款面膜挺好用的，精华很多，粘稠，而且面膜很服帖，没有气泡现象，挺好。
589,很不错的一款隔离霜继续关注的&hellip
590,第一次买，遮瑕，保湿效果非常好。下次还买。
591,非常好用，洗了脸很清爽舒服。
592,还行吧，该车滴滴滴滴啊哈哈哈啊哈 哥给您你
593,隔离非常好用，有一点提亮肤色
594,已经第二次购买，很柔滑补水效果很好，真心好用
595,感觉可以的
596,不错，拿来补水用！
597,不错，挺好用的
598,做活动买的还挺划算的，包装很好，精华液也挺多的，效果嘛没什么突出的，就单纯补补水还OK吧
599,和以前用的比起来更滑
600,**大牌很好，用后感觉挺好
601,买了一大堆可以用一段时间了还赠送了五片，好。
602,个人情况：好评，
603,非常好，还送了面膜，给个赞！
604,我用化妆品基本不会过敏的，但是用这款乳有点火辣辣的感觉
605,正品，价格实惠，感谢卖家送的礼物，谢谢！还会回购的！
606,是正品，跟我在柜台买的一样但是比柜台要便宜很多，值得购买
607,商品实用，性价比高；老婆很喜欢。
608,不错，挺温和的一款洗面奶，我一直都在用这个牌子的！
609,挺好的，价格很实惠
610,买水乳套装时凑单买的，听说用起来还不错
611,第二次购买了，好用。服帖保湿，不假白。
612,非常失望，收到货居然是次品，镜子碎成这样了，不知这么多好评是哪来的，差差差
613,宝贝！很满意！快递小哥很礼貌
614,物流很准时，快递员辛苦了(�&nabla
615,今天刚收到，物流快，打开了看看，产品一样，??
616,东西不错一直在用，这次有促销就多买了些，好评！
617,~拍的徒手装面膜，都不敢用了，扔柜子里了。
618,隔离霜不错。用完还会继续买。
619,性价比比较高，适合学生党。
620,超级难用！！！！上妆超级差，#，。很想退，但是开了封不能退。再#也不买了
621,多次购买了 挺好用的
622,以前在实体店买过  这次在**买也蛮好的  也不卡粉
623,还没用，但***的产品用了好几种了，都非常的不错，我是敏感肌肤，很适合用这款氨基酸的。囤货中。
624,挺不错的  敏感肌终于找到合适的洗面奶了
625,还不错，隔离效果还可以！
626,昨天用了，挺好的，淡妆卸得干净，量也大，性价比不错
627,宝贝收到了，我要投诉快递员，服务态度不好，还反说我这个人说话不好听
628,好用 颜色是紫色 偏黄肤色用的显白 用完再来
629,感觉有点干，不好涂开吧
630,包装有点失望，都不敢用，试试效果还可以
631,效果很好，不卡粉，挺划算的，感觉美美哒
632,还不错，不是那么白，不影响再上一层cc霜
633,非常满意。
634,买了好几次了喜欢
635,用啦一片还行吧补水我之前有买过这个牌子的面膜好像和这个不太一样！用用看吧不行的话换别的买吧?
636,服务不好还叫我发5颗星
637,包装精美，物流还是一如既往的快，还没用过这个面膜，用过了再来评价
638,一直听说很好用就买了，试了试觉得不错
639,宝贝收到，还没用，双十二买的便宜备用的，老顾客了，挺满意
640,今天才收到，跟在实体店买的一样，买了三瓶送了好几样赠品，用了效果好以后护肤品就在你家买。
641,面膜很好，女儿看着说我也要用，哈哈
642,还可以吧，不是那么水润，味道有点大，物流挺快的。
643,一直在用，感觉隔离效果不错，绿色显得皮肤很白。
644,酒精味道比较浓郁
645,不错，很好用，能遮暇，自然美，很喜欢
646,还不错，我用了很久了
647,之前买护肤品的时候送了两片试用，觉得还不错，又买了一套来用，这个面膜很好用，而且很实惠！
648,是正品，非常满意，下次再来！
649,很好用啊，水嫩嫩的不会过敏，以后还来买
650,这个粉饼好用，送货快，包装盒完好，省时省力。
651,两瓶一大一小，小的做旅行装，总得来说还是可以的
652,超级好用！！！！！！！！！！！！？？？？？
653,第一次买，买一送一，真的很划算，非常满意。
654,还好吧，量挺多的。
655,快递小哥一如即往的好服务，我用这款面膜不错，很服帖，支持
656,已经用了补水效果不错，没有过敏不适的反应
657,很滋润是正品
658,面膜一直都在使用，质量很好
659,本来只收到一个快递，然后以为少发了，问了客服，原来两个，不错不错，点名一下客服海流
660,经常用他们家 非常不错 可以购买 用了几年了 应该正品
661,挺好的，实体店都说停产了，买不到，只能在网上买，感觉和实体店买的一样，不错的
662,我是混干皮，觉得还不错，遮瑕四星，持久度四星，也挺好上妆的，就是这个色号比我稍微暗一点，我本来就不算白，这个色号有点黑了。
663,包装很好看，期待产品效果呦，第一次用这个牌子，但是是好牌子，信得过
664,刚刚用，还不错，喜欢这颜色和味道，继续使用哦
665,价格实惠 用着也挺好的 每天一片
666,一直用这个品牌 是正品
667,好多赠品，用了下挺自然的，味道也好闻，不错?
668,脸上的斑很多，这款气垫遮暇效果还不错，推荐购买。图片是没有美颜的。
669,第四瓶回购 皮肤是有白一点 淡斑是真没看出来
670,我一直在用这个  感觉挺好的  要就不打算换了
671,昨晚买了下的单，今天下午就收到货了，物流好快不说，实物跟图片上描述相符，不错！给予好评?
672,母亲节给妈妈的礼物，她很喜欢，她是一直用这个牌子的化妆品，一直在专柜买的，希望这次她也能用的开心
673,好用好用，真的好用，赞
674,挺不错的，洗完脸也不紧绷
675,有泡沫，而且特别温和。还有淡淡的香味。
676,连续买了很多***的东西，不是我用，不过应该还可以吧
677,这款价格经常变动越来越高了啊
678,粉扑有一点刺鼻气味，其它的都不错
679,昨天下午下的单今天中午就送到了，棒极了，
680,跟店里买的一模一样，很喜欢，也很好用！
681,双十一抢得了这个超级好用诶，也很服帖，啦啦啦啦啦啦
682,很好，很喜欢，相信**
683,快递师傅很给力，????
684,用过了，感觉还不错，不油腻，颜色也自然
685,用了十几年了！感觉很适合我的皮肤！
686,效果不是很好
687,感觉不怎么补水  将就了 毕竟便宜
688,洗面奶是舅妈推荐的，用过几次，泡沫细腻，还不错，就是味道不如那个好闻，不过挺适合我这种敏感肌的。
689,挺好的，东西收到了，快递速度快，给你们点个赞。
690,一直用的这个牌子的，这款洗面奶感觉泡沫有点多，清洁力还行的。
691,面膜还行，，不知道效果
692,搞活动买的，很划算，还没用，希望补水效果大大滴
693,我才用了两天  感觉还不错第一次用我一直用***的护肤品  挺喜欢用的
694,用了￣段时间，感觉有点连连的，没有之前用的别家的好。
695,一如既往的好
696,跟图片一样，物流快，还没用不知道'怎样
697,还可以，不怎么油腻，气味也蛮好
698,感觉还可以，量很足，卸的也挺干净，价格也实惠
699,面膜是正品，真正的物美价廉，物流给力快递小哥服务态度很好。点赞！需要的请赶快入手啦！
700,很好很喜欢
701,味道闻起来很香 用起来很水润不浮粉 喜欢
702,宝贝质量很好，给全五分好评，服务态度也很棒，给100个赞，物流神速，必须，好评。
703,是正品哦，包装很好
704,补水效果超级好，以后会继续回购的。
705,应该是正品吧，觉得还行
706,特别温和，不刺激皮肤。
707,一直用***，很好用，不干还好吸收，美白作用
708,正是我想要的效果，擦脸上很自然的颜色
709,一直用这个牌子 特别的好  快递也很快 给商家还有快递小哥一百个赞
710,最近一直在用***，还不错，信得过**，**快递???
711,买了两份，满满一大箱，真的好便宜，面膜轻薄补水。
712,一直用的***的，之前在实体店买的，这次买的也好用，挺实惠的一次购物。
713,包装好物流快给力
714,很好，很快，还会继续支持**。加油加油加油
715,价钱实惠，质量很好的国货产品，第三次购买了。
716,第一次用***的面膜，感觉不错，下次继续哦
717,看着不错和以前买的一样还没用快递小哥很给力服务很好
718,送了十片玻尿酸面膜，小脸敷上去刚刚好很平整，而且敷完以后脸上很舒服，吸收也很快
719,比实体店便宜很多，还挺好用的
720,感谢**推荐，挺好用的，超补水
721,看起来不错，还没用，不过才买两天就降价10元。真的好郁闷?
722,货物很好，下次还要买
723,只能说一般般吧
724,清洁能力：感觉清洁不太好，很稀，不怎么起泡泡，一次要用好多才有感觉
725,特别好，一直都是**的忠实粉丝！每次都没失望过！产品质量特别好！
726,还行吧，只能说还行
727,东西很好用，面膜很服帖，实体店好贵呢，才几片，这次可以用两个月了
728,挺好的，价格便宜量又足，好评
729,希望大家千万别买这个面膜，用着都掉皮，怕是脸都能让这个面膜给毁了，太吓人了，?
730,隔离很好用，紫色很适合我的皮肤。
731,超级好用，比我的***补水还强，大爱
732,****，物流特别快，纸质不错，刚好遇到活动价，果断下手，有时间再用，到时候再追评！
733,一直在用，双十一比较优惠些
734,这款乳液个人觉得挺好的，不会过敏 赞
735,挺好的，味道闻着不错，后续使用看看效果，
736,不能用，填一片，脸红肿，又痒的，全部�了，在实体店买的都没有，应该是假的，可怕
737,一直在用，效果很好
738,真的很舒服，大品牌就是好
739,好好好！不错哦！
740,用了还不错哦，想买的亲可以放心下单了！
741,支持**！水润保湿，很好！
742,不错哦。速度很快，~。以后就买****的了。
743,还不错不过有点薄
744,赠品和大瓶的一样的，这个价格买到，不错我喜欢
745,使用后感觉很舒服，第二天脸也挺滋润，感觉不错！
746,挺好的，很滋润，但是唯一的效果就是不怎么白，擦了效果不是很明显，就像没查一样的其他都挺好的，
747,上妆贴合皮肤，自然，不假面，nice
748,很好用，而且还有美白效果，感觉都不用素颜霜了?
749,遗憾，买错了，退的挺迅速的，**商城服务一流
750,个人感觉抹上有点油，可能适合冬天
751,看了评价买来试试，用了以后感觉保湿效果还是很不错的，搞活动买的，挺好的！
752,一直在用***的产品，好用 值得信赖！快递也很给力！?
753,活动价69元两盒入手，真的是太超值啦，很服帖，很补水，味道也喜欢
754,试了一下东西特别好用。也划算。还会继续购买
755,一收到宝贝就试了一下，特别好
756,还不错  只不过没有&reg
757,味道有点点膳？听湿润，我买的自然色感觉有点白，送两个替换芯，挺好
758,好好用 也很划算 用完再来买
759,价格实惠，物流快
760,发货速度挺快的 价格便宜
761,购买方便，送货快！
762,东西收到，物流快，
763,挺不错的！挺好用 一直用这个洗面奶
764,非常满意 客服小海绵的服务也很好 很耐心
765,俩口觉得很好的，***
766,物有所值，东西很不错，
767,面膜不错，**让我等了7八天
768,不错，喜欢
769,昨天晚上看到的这款面膜，随机就买了，不知道好不好用。但物流特别快。好评
770,婆婆很喜欢，买了一大堆
771,用了一下，还可以吧
772,这款面膜补水不错，化妆品我用的也是这款，支持?
773,包装精美，天猫直送很给力，感谢丫头
774,还没用，应该是正品，
775,同品牌用过其它的很好 这个第一次买  希望不会失望 物流服务又好又快
776,收到宝贝晚上就用一贴，面膜滋润，精华特别多，我是敏感肌肤还不知道会不会过敏，快递小哥态度很好
777,东西很好用，已经用过一段时间了，很满意
778,适用了一下，还不错。
779,真的好，值得拥有值得信赖
780,物流给力，效果比想像的要好
781,东西还不错。超出预期。很满意。两片，也划算。推荐购买
782,用了才来评论，水水的很舒服，春天最适合补水，搞活动超划算。
783,挺好用的不油很清爽，还送了小礼品面膜也很好用哦。
784,很可爱，我很喜欢。期待效果哦
785,真的不错、下次还来光顾
786,扫描了是正品，一直用***产品，大家放心使用
787,物流很快，东西质量不错，很喜欢
788,帮同事购买的，说超级好用。很不错的一款哟
789,非常好的一款产品！使用没毛病，效果好，包装精美，送人自用都可以！！！推荐大家购买啊！！真的很好！！！
790,特别好用。一直用的这个品牌，效果不错。
791,第一次购买该商品，很满意
792,明明买的时候还有赠品的，结果到手的时候却没有？怎么回事？
793,东西收到几天了，用得也很好噢，所以今天来评价一下
794,一如既往地好用！买了好多套了！送了好多小样！礼品！面膜！超喜欢
795,**购物～～～方便～～～快～～～
796,用过才来评价的，自然色擦到脸上感觉颜色有点暗，别的还好
797,宝贝收到了，扫码是正品，非常喜欢，谢谢商家！
798,用着一般，当时发的时候还少给一个替换装，后来补过来了
799,面膜非常滋润，有一定的保湿补水的功效，使用了皮肤变的好一些了哪。
800,还不错??
801,不错刚用两天
802,用着没过敏、继续看看
803,物流还不错，小哥服务态度好
804,还可以 用了不灵不灵的
805,还好吧  没有网上说的那么好
806,质量很不错，很好用，希望大家，。。。。。。
807,包装很好，看着很喜欢
808,洗面奶不错，洗完脸不紧绷，泡沫细腻
809,小姑很喜欢用，第二次在**帮她买了，有活动就更好了
810,严重怀疑产品质量，每次用完都是满脸浮粉，平时买东西能凑合的就都给好评，这次真的太失败了，再也不会买了
811,挺温和的，不刺激，还很香
812,***我怀孕的时候都用过，补水很好，很赞。
813,面膜用了再来评价的，感觉蛮不错的，还会回购的
814,收到了，物流很快，面膜还没用，用后评论
815,物流速度有点慢，第二天没有到达。
816,面膜不错，薄，服帖，比**还好。
817,赠品非常不错，很好用，感谢**
818,货收到，很不错，己经用习惯了，从来不买别的牌子的，已经是N次购买了！
819,用后感觉不错
820,好用，一直在用，母亲节买给婆婆的礼物，她很喜欢。好用不贵的东西，快来买吧！
821,这个真的还不错 回购了几次了
822,东西还可以！！！
823,已经买了好多好多次了，挺好用的。物流超快的。
824,好评，真的很贴脸，偏黄的肤色，用这个颜色不会很夸张
825,收到就打开用了，不错哦，还挺好的，一如既往的爱在**上买东西，都是正品，放心，好评好评好评
826,第二次购买啦！妈妈说很好用。
827,里面总共三个，不够细腻，一片一片的，打脸上浮粉，
828,面膜蛮轻薄的，也很服帖，透气性比较好，才刚用，还没看出效果，水分还可以，总体满意，大品牌让人放心！
829,哈哈最喜欢这个面膜了回购了
830,效果一点不好。洗不净。洗了脸上会比较油。不知道那么多好评哪里来的。欺骗消费者
831,很不错的面膜，很喜欢，**优惠活动很给力，客服态度也很好
832,这次趁活动买了两盒，以前是用袋子装的，这次的是盒子，看起来上档次了不少
833,一直用***这个系列的，做活动的时候下手的，物美价廉
834,可以的一直都是用***
835,感觉还好吧，第1次用这个牌子。性价比很高。
836,刚收到就用了下，很水润
837,之前买过一次用的挺好的，这次又囤了2瓶，隔离霜很轻薄，质量很好的。
838,面膜还行吧，还没怎么用呢，用了再说吧
839,给妈妈买的，好看方便使用，干净
840,已经开始用了，效果很棒，很自然，不加白，值得推荐
841,买了霜，洗面奶，气垫，便宜又好用。而且物流也快。
842,看着还不错，刚刚收到，效果要等到用了才知道
843,还可以，第一次使用，没什么过敏，比较服帖
844,东西一般吧，没有，感觉特别的什么不同
845,用起来挺好，效果挺好，特别白的自然。。。。
846,水乳我一直在用，很好，非常满意
847,不错，原装盒里就有一个替换装了，加上赠送的一共两个呢！谢谢快递小哥！
848,试用了一下，很自然，期待效果
849,哇嘿！我早上付的款，下午就到了，速度快！
850,看着包装和实体店的一样，还没用！等用了在来评价！
851,怎么只有一个替换装，而且不是很好用，已经拆了不能退了
852,好用，和实体店里的一样??
853,买给母上大人的，妈妈挺喜欢这个牌子的，说用着好！
854,赞，老用户了，一如既往，啥也就不说了
855,好评，物流也出乎意外的快，赞。
856,之前一直用这款隔离，保湿不干，经济实惠
857,很实惠，看丫头直播买点
858,挺好的，买了好久了才记得来评价，价格实惠
859,很好，N次购买了
860,超好用很水润，粉了粉了，以后多多续费，耶
861,第一次买这个牌子的面膜，希望好用吧！赶上买一送一的活动，划算，好用的话，用完还来！
862,可以，美美哒
863,老顾客了，一直信赖的品牌，很滋润，值得购买
864,太棒了，效果好
865,送货快，服务好，非常棒
866,之前用的他们家赠品小样还可以，买来试试，
867,隔离还是挺好用的，不厚重，提亮肤色，味道不错，***皮应该不太合适
868,不错啊你们的东西很喜欢这个链接转链接转链接转链接
869,东西还行，味道淡淡的。试用一段时间先。
870,不油腻 这个季节用合适
871,宝贝不错，很满意
872,宝贝挺好的，自然白，带点香味！
873,应该是正品吧！一直用这个牌子。网上便宜很多
874,东西收到了，是正品，很好用，快递很给力
875,购乳液顺便买了这面膜，价格不高，希望功能好。
876,**快递超级快，是正品。
877,老婆说很有用！非常好用！一点也不油腻！棒棒哒
878,收到货了，试用了一下，棒棒的
879,一直关注的，活动期间买的，颜色很自然，一个两个替换装喜欢
880,用起来方便，上妆很快，很轻薄，总体感觉还可以
881,一打开味道太刺鼻了，塑料味太浓了！不敢用了！
882,面膜很不错，补水挺好的，价格也很实惠，还送了三敷眼贴，很好用
883,晚上买的，第二天中午就收到了，特别快，很满意。
884,遮瑕效果超级好，很亮，很白，很喜欢是我想要的
885,物流很快啊，商品质量也很好，值得购买！
886,润玉仙推荐的，当然棒棒
887,**就是棒，物流超快。价格相当实惠，没想到有那么大瓶。用的很好。干净。
888,女神节给媳妇买的，一直信任**，**也是非常的不错，东西非常好！下次继续！
889,感觉还可以，送的东西也多，味道清香。
890,东西很不错 物有所值用几天再来追评
891,保湿效果还不错～～～～
892,补水还行。很便宜啊主要是。。。。
893,老婆试用了一下，感觉效果挺好的，还送了赠品，非常满意，下次还会光顾的
894,美白效果不是太明显，不过价格挺实惠的，用着感觉也挺好，每天一片也不会觉得浪费，挺好的，棒棒哒
895,应该不错吧
896,跟我以前在实体店买的不一样，这个用着感觉脸刺痛，假的
897,好评，质量不错信赖**！！！
898,清洁效果很好，方便快捷
899,还没用，应该不会差
900,每次都买这款，真心好用，保湿效果好，很贴肤，很细腻，，，质量绝对，客服态度也好
901,隔离霜用了一次感觉不错，隔离防晒都能代替了，如果用的好还会再买的
902,赠品加面膜，都是补水的。收到了一大箱，能用很久了，用过再来追评。
903,可以可以可以可以，平时不化妆的，也不知道具体卸的干不干净，感觉还好
904,质量不错，和实体店的一样的
905,瓶子挺小的，和想象的不一样，呵呵?。总得还好吧
906,自然，不卡粉，很接近肤色，满意
907,东西很好，**服务，送货速度快。
908,一直都用***不错，特价时多买了一些
909,挺好用的，现在刚开始没有什么效果。
910,效果太不好了
911,囤货备用，大品牌，应该不错的
912,妈妈说好用
913,隔离真的好用
914,面膜收到了，挺好用的，表妹推荐给我的，用完再回购
915,还好还好，和实体店差不多
916,个人情况：干皮 持久情况：还可以，有点黏
917,清洁能力：清洁效果好，配套使用更加好
918,淡淡的香味，保湿效果挺好，容易吸收，适合夏天用
919,第一次购买，试用后挺细腻的能够很好的提亮肤色。以后就用这家的，隔离霜了。
920,不知道这是第多少次买这个了，一直用，没有换过1。还行吧。
921,不错，第一次买这隔离霜，�上好自然
922,很好用，清透湿润，提亮肤色！
923,很好物美价廉很好物美价廉很好物美价廉很好
924,帮朋友代拍的哦，产品好不好不知道，不过快递大哥人很好哦，朋友再三嘱咐给快递大哥个好评哈哈
925,效果不错！就是有点稠，用彩妆蛋效果比较好！
926,很不错，用的护肤品都是***的，面膜精华多
927,快递速度很快，服务态度很好。
928,包装盒都没一个，太简陋了点，面膜看起来也很旧，感觉被骗了！找客服也没人答复，服务太差了！
929,还行，贴了个纸，soso，还好吧，就这样真好吧，撕了纸
930,超级划算，那么多，还花不到一百块钱，还在继续用中，用了会好评的。
931,收的 已经用了一些，感觉不错 用完继续
932,收到了，买了好多，和姐妹们一起买的，都说好
933,太假了会掉粉还起皮，擦了跟没有擦一样的，失望
934,一直在用***的护肤品，真心不错，还送了�妆水和化妆蛋
935,给女朋友买的，很好，很喜欢，希望效果也好?
936,衣服收到了穿上很好看，质量也很好值这个价，会回购
937,还没开始用，看着还不错，用了后再来追评吧
938,还是很显白的，效果挺好，喜欢的小伙伴们赶紧下手吧
939,一直在用，不错
940,用起还可以，不过敏，实物与图片相符
941,很好用，买了很多，补水很好用，便宜优惠
942,一直用这个牌子，使用效果还可以。
943,是正品，活动划算，囤货的，一如既往
944,挺不错的。很轻薄。
945,个人情况：我是脸比较白的那种，没有感觉到有美白 吸收情况：吸收挺好的 整体描述：淡斑效果没感觉到，已经第三瓶了。 滋润及保湿：保湿还是可以
946,一直用感觉不错所以买霜试试
947,迫不及待的试用了一下，很舒服，润润的棒棒哒！
948,面膜用着不错，大牌子值得信赖，
949,洗过脸滑滑的
950,是正品，之前买的垃圾奥洛菲用上脸干的要死，涂上修颜霜都卡粉，用这个超级滋润，拍上修颜霜很服帖。
951,使用了下，味道清新，还不错，也不油腻，会再来！
952,还没用，不知道是不是真品1，用后追评！
953,**产品送货快，产品质量有保证
954,还不错，美容液比较丰富，滑滑的，面膜纸尺寸大小合适，非常服帖脸型，价格也不贵。
955,还好吧，物流很给力，快递员态度很好，就是好小一支啊，好评吧
956,超级好用，真的很喜欢，很喜欢这个牌子
957,个人情况：中性批发 整体描述：包装完好，送了一块面膜，用着还行 清洁能力：洗不干净，不推荐使用
958,垃圾东东白浪费运费卷
959,没有多少面膜液，比以前用的差了很多，给五星是为了方便大家看到。不会再来买了
960,挺好的  就是物流有点慢  可能是因为偏吧
961,买一送一价格非常合适，喜欢，用了跟舒服也很符合我的皮肤，还会再来买！！
962,水分多，速度快挺好的
963,跟bb霜一起买的，效果还是挺好的，挺服帖的。
964,收到就迫不及待的打开用了，不错，挺好的
965,面膜非常好用，已经不是一次买了，脸上比较滋润，下次还来买
966,买给妹妹的生日礼物女生都很喜欢会继续支持下去的
967,用了两天了没有什么不舒服的感觉，查了一下是正品，不刺激皮肤，眼睛也不会刺痛
968,非常的不错，脸比较暗一点，擦了以后很自然。
969,很好，味道也很好，用后效果很不错，超级喜欢，下次还会来的
970,宝贝收到了，迫不及待打开包装，味道很好，晚上试试，卖家好有爱，买一份送一份哦，还会继续购买的哦！
971,已经在使用了，很满意，服贴不卡粉，很好。与哈利勒同学普通葡萄牙语哦什么加油站我说
972,不错！挺好的
973,赠品很好，补水美白，好好好
974,还行吧 对我来说有点干 不知道为什么其他都还行的
975,买33片送20片，好大一包，试用了一下挺好用的，下次再来
976,买了好多**特别给力给快递五分
977,老品牌啦 效果比以前更好了
978,蛮好的，划算
979,面膜用了好久才来评价，很好用敷过之后水水润润的，又实惠，是一款很不错的面膜
980,不油腻，好用
981,收到了  面膜效果非常不错**发货也非常给力  赞一下
982,还不错，挺好用的是正品
983,买的自然色，还是有点白。不过挺保湿，对得起这个价位，**老客户！
984,个人面膜还是不错的吧，第一次用哦。
985,听朋友介绍的说很好用就买来试试，价格也合适
986,很不错的，看着包装比较好，很喜欢，只是还没有试用，防晒的看起来有点小
987,回购的面膜，效果不错，还很便宜呢
988,超级喜欢，微微一点白，薄薄的很舒服，以后还会购买
989,商品是正品哦，质量棒棒哒，**的服务跟物流一样棒哦
990,很好，朋友喜欢。**可以是保险的推荐，选择**！
991,水水的，很舒服，很清爽
992,非常好 很喜欢 细腻不油腻 很好用
993,终于没忍住，买了，味道很好闻，上妆效果很好，值得推荐，如果配点小赠品就更好了，！
994,一直都用，非常棒，经济实惠，非常棒赠品好多包装挺好
995,贵呀
996,还没用，看着不错，好评哦
997,我还是更喜欢用另一款洗面奶，这款还好
998,是假的，拿去检测了
999,面膜第一次用感觉没有多大效果，，继续使用看看，，稍后再来评论，
1000,用了好久才来追评，忘记了，非常满意，很喜欢，态度好，物流也特别快给满分
1001,面膜试用了，效果很好，是正品，和实体店一样
1002,滋润及保湿：�保思个啦
1003,首先不得不说99元买还有两个替换装很划算，其次今天试用了，味道很好闻，很自然。
1004,看起来不错还有赠品，希望是正品就好
1005,看着还可以 还没有用
1006,很服帖，精华液也多，用完皮肤滑滑的嫩嫩的
1007,还不错，包装完整，挺清爽的
1008,非常喜欢，物超所值。超赞，物流还常快，商家服务好。?
1009,以前一直用的是***的，这次换成了***的，这款比***的粘稠些，也挺好用的，也很好推开，好评。
1010,清洁能力：泡沫适中，非常舒适，对黑头有一定的清洁作用
1011,不错的哦，第一次买，感觉还好，服务态度很好！
1012,发货速度非常快，正品，还会继续回购，给五星好评
1013,20片装，包装不是普通的塑料袋，像是那种开菲尔奶的那个包装，特别好撕，补水效果不错！
1014,东西收到了，包装也很细心，具体如何还没试，所以也不知道
1015,快递挺给力，还没用的，以后再用一下
1016,非常好用，喜欢
1017,挺好用的，颜色比较均匀，用完还会回购
1018,满意满意十分好评，感觉洗得挺舒服的&hellip
1019,第一次用这个洗面奶，感觉还可以，等用段时间，在来追评
1020,遮暇效果很好，美白效果也不错，就是味道有点太香，如果没有香味就更好了！
1021,一直在用的，效果不错。我是敏感肌，不能用含有香精，酒精成分的化妆品，这款面膜用了不刺激，刚刚好
1022,很好用很服帖，比我想象中的效果要好很多
1023,包装很好，一点都没有破损，物流很快，昨天买的，今天就到了，还会回购
1024,感觉挺好用的，洗完后不紧绷
1025,已经使用过了，不错
1026,一直用***，好用
1027,??***人鱼公主面膜贴33片装（水养面膜20pc+雪润面膜13片）女海藻补水保湿提亮清洁收缩毛孔
1028,这款面膜我用了好多年了，用的一直挺好的，挺喜欢的大家放心购买。
1029,当日达，到了就打开用了，物有所值吧
1030,物流很快啊我都用上了
1031,东西不错，大小也合适。补水效果不错呦。
1032,用着觉得一般化，气垫扑太厚了。
1033,有一点淡淡的香味，很好用保湿效果不错
1034,面膜好用补水，
1035,用了两次，感觉还不错，挺通透的
1036,***值得信赖，**值得信赖，满意
1037,帮妈妈买的，妈妈觉得很喜欢
1038,用着挺好的，第二次购买想要的可以放心，
1039,一直用的这个，很满意哦！！！！
1040,宝贝收到了，**物流非常快，包装很好，希望使用效果也好
1041,还没用，感觉还不错吧，之前没有用过，这次做活动几天买了两包试试
1042,囤货中，还没用，补水应该是没什么问题，毕竟这么便宜，要求也不能太多
1043,喜欢，信赖**，好评
1044,非常满意，物美价廉，一直在用这款产品，非常好用
1045,刚收到，包装很喜欢?，，，，，还没有用，不知道好不好用
1046,很多精华液，面膜纸是薄透的，期待效果
1047,洗面奶跟之前买的是一样的，还不错
1048,皮肤有点敏感用起来还是比较温和的
1049,一直信赖**，还不错，希望价格多多促销，多多优惠
1050,这次买的是最好用的一次！还会再次购买！
1051,挺好用的，以前皮肤很容易过敏，用了好多种都过敏，用了这套后就慢慢不过敏了，用完继续
1052,持妆和控油效果都不错，遮暇一般般
1053,上午下单下午到，就喜欢在**上购物不用等，宝贝不错下次还会光顾
1054,双12活动买的，还没开始用不知道怎么样，总之喜欢在**购买东西，快
1055,物流快，一直用的***
1056,看评论说挺好的，买了两瓶。看着不错，还没用。过一阵用完之后再来评价！
1057,老卖家了，非常不错，值得购买，下次再来???好好好好好好好好好
1058,快递很速度
1059,一般般吧，要弄很多才有泡泡，没之前买的***好用
1060,很好，很喜欢。建议购买。我还分了一盒给我妈，我觉得卸妆也挺好的，还有泡沫很多哦
1061,很好用的，平时用的少，偶尔用用不错。
1062,东西还没拆开，不过店家还送了两个替换芯，挺划算的，好评
1063,东西看着还不错，用完再来评论吧
1064,在手上试了一下，不油腻，很自然，味道很好闻，不知出汗后怎样，用的好后会追评，物流很快，满意！
1065,味道不是很喜欢，感觉怪怪的
1066,物流配送非常快，第二天就到了。买的是自然色还有香味，老婆很喜欢
1067,一直相信***，双12价格确实划算又有赠品
1068,一直用***产品，挺好不错，刚拍的时候说正在补货，不过到的也挺快
1069,货己收到，物流很快，还没用，暂不作评价。
1070,用**一年多了，物流快，还有满减，很划算，多次购买了我，回头客。
1071,大品牌，好面膜，~格，高送货，必须五星好评啊
1072,宝贝已收到，质量很好，是正品，和卖家描述的一致，物流也很快
1073,非常好 跟之前店里买的一样
1074,很划算买一送一，看包装不错，一直都信任****的东西，很满意**的东西，也信任****的店
1075,很小，不大好
1076,很不错。不是特别显白，很自然的一款。大家可以放心购买。快递也超快。
1077,干巴巴的一点都不水润，面贴很硬也不好使！下次还是买水密码的
1078,乳液可以，就是物流运输时把瓶盖给弄碎了
1079,宝贝收到了，小海狮和汐漫态度非常好哦
1080,很好用的宝贝 用起来很舒服 一直用这个牌子的
1081,刚刚收到货，七号下单八号已收货，**物流超快服务到家，听朋友说增品不少，可我目前没收到
1082,相信**，能买的都在**买，五星好评！继续支持！
1083,物流超级给力，质量很好，价格也合适
1084,洗完好干燥。
1085,很好用的面膜，敷完脸很舒服很水润
1086,整体用的不错，比实体店便宜好多，划算
1087,好好好好好
1088,还不错，遮瑕提亮效果不错，就是稍有点干，皮肤不好的时候会起皮。
1089,快递，很快，没用过，帮别人买的
1090,感觉很不错的样子
1091,东西太一般了没有说的那么好并且还干，干死了。去哪里找湿润
1092,快递速度很快，还没用，包装看起来不错
1093,好用，朋友推荐的，增白遮瑕，摸了隔离就可以出门，适合我这种懒人
1094,申通快递走了一周多&hellip
1095,很干净 方便 赠送的也很好用 很大一瓶 化妆棉很大一包
1096,用了一段时间，还不错，挺好用的
1097,不贴很容易掉粉，浮粉
1098,面膜收到了一直用***化妆品和面膜挺好用
1099,收到后第一时间使用了一下，感觉还可以，以后再追评
1100,东西还不错！速度很快！买来送人的希望能有礼品袋
1101,好没用
1102,可以啊，提好用的哈！！！
1103,持久情况：不怎么挫泥，还好，防晒效果一般，物流多块的。
1104,买过多次了，这次的盖子松的，其余都还行
1105,第一次使用***系列的面膜，营养液很充足，敷玩脸还可以贴贴脖子，
1106,还行，精华多 护肤一套用 今年入的***水 乳 面霜面膜 期待用完效果
1107,效果不错，喜欢的可以购买
1108,刚刚收到货，闻着味不错，晚上试试效果
1109,用了乳液感觉还可以
1110,物流很快，经常用这款面膜，效果比较好。
1111,第二次买了，非常好用。
1112,一直在用这个品牌，挺好用的
1113,该商品打开每片水份几乎没有了，很干，贴在脸上没有水份，水全流袋子里了
1114,太差了，，粉浮着，而且量特别少，
1115,还可以，量多～～～能用好久～～～
1116,面膜非常好用，非常好用，非常好用，非常好用
1117,很喜欢，我肤色有点暗黄，还怕会假白呢，结果颜色正好。做活动的时候买的，还挺划算的。
1118,一直都在用！好好的！
1119,还可以，挺服帖的，味道也好闻，还会回购的
1120,两瓶大的还送了两瓶小样试用。非常的实惠，拿着一箱都非常的沉，能用很久了性价比真高
1121,第一次购买，味道很好闻，不知效果怎么样送货很快，**给力，谢谢期待效果
1122,刚刚用了一片，挺薄也贴肤，用了没有过敏，脸也不痒，总之还可以，用一段时间再来追求评。
1123,刚刚拆开，还没有有用，整体感觉还不错，待用过后在追评！
1124,挺不错的，特意用过之后才来评价，一直用***护肤，实力圈粉！
1125,不干不紧绷 非常好 物流也快
1126,小小一瓶，一直想找这种有均匀肤色的隔离，霜状的很好推开，效果不错。
1127,东西收到了有点失望，日期不是新的很近至于产品就不知道怎样了
1128,宝贝到家了，第一次买这款隔离，看包装挺好的，用好了下次再买
1129,买了两套送了一套赠品??，不过产品很好用，也无所谓了，还会继续支持
1130,为了***，***指哪我们买哪！！！！不过***的面膜也是很不错的啦，特别水润的哦～
1131,暂时还没用，，以前的还没用完，试了一下感觉还行，有送一个小样乳液，味道淡淡的
1132,总觉得太香了
1133,一直在用这个牌子的隔离，很好，粉质细腻。比较好推开。好评
1134,朋友介绍买的，很好用，家里的东西基本都在**买，**值得信赖
1135,这么的很白，快递很快，就是有点油亮油亮的。感觉有点痒，不会过敏吧
1136,一直用这个款的隔离，不错哦，很自然又很好推开
1137,我皮肤不太适合，我个人不太喜欢，送的东西很多，可以跟正品一样多了，这个倒是很划算
1138,还可以，就是用之前一点要注意保湿，不然脸会干的脱皮
1139,很好 泡沫很细腻。
1140,挺好的，遮瑕效果好
1141,还没用，看着还不错
1142,非常好用，非常香，以后接着买
1143,第二次购买了，自己觉得还挺好的
1144,明明写的唇眼可用，没想到那么辣眼睛，味道也刺鼻，太失望了
1145,总体不错，保湿效果一般
1146,是正品。买几次了，非常好用。
1147,比较显白，有一点淡淡的香味，发货速度挺快
1148,很实惠，送了2个替换装，买回来就试用了一下，保湿效果好，遮暇，不过容易油
1149,个人情况：皮肤暗沉偏黄 上妆效果：效果服帖且显白 持久情况：基本大半天吧
1150,还没用，应该不错吧
1151,价位经济实惠，这款面膜用着挺好的，挺补水的
1152,上妆效果：满好的， 适合肤质：效果不错，很自然，
1153,价格很合适，洗面奶很清爽，不刺激
1154,可以哦，水份多多
1155,很喜欢这款卸妆水，卸妆非常彻底。很干净，一点也不干，值得购买！
1156,特意用眉笔，眼线液和口红做了个实验，卸妆效果一般般，眼线液和眉笔两遍可以卸掉，口红要卸遍，不会回购
1157,感觉还挺不错的，不知道用过效果如何，若好的话会继续支持的。
1158,价格实惠，有一个替换装，还送一个，物超所值
1159,皮肤很干，选滋润型，泡沫也多，鼻子两边可以洗干净，不腻也不干
1160,挺好！经济实惠，品牌可以！效果不错，不卡粉！持久清新，有一种惊天地泣鬼神的感觉！
1161,包装好看，挺好用的
1162,一直用这个牌子的护肤品，很不错，第一次用这个隔离霜，有点白，估计适合偏黄肤色
1163,是我常用的东西，所以很喜欢，方便使用！天天用的东西，真心不错
1164,面膜可以  只不过客服的服务真让人不敢恭维
1165,收到了，已扫码验证是正品
1166,用了，觉得补水效果还行
1167,在实体店看过了，网上价格低一点，效果还不知道。
1168,用了这么多面膜.还是觉得这个好用.超级补水保湿
1169,宝贝很好，物流给了，不错不错！
1170,每天一片效果还是不错的
1171,物流速度特别特别快，卖家态度也不错！重点是代言人好！！！justin！！！喜欢！！！
1172,家里人买的，应该还可以吧，一直用。
1173,好用！谢谢
1174,"不错，挺好用,下次还会在来"
1175,真的很好用，我的皮肤有点黄，抹上去了感觉看起来很爽，不油腻
1176,给 婆婆买的，应该是正品
1177,好，价格实惠，很好用、买一送一超级划算、**物流超快！非常满意
1178,**不咋地 连盒子都没有
1179,一直用这款，保湿补水效果不错
1180,还可以，水份挺足的
1181,第一次买这个牌子的，挺好用的，不卡粉，多送一个替换装挺实惠的！
1182,一如既往的好，精华液很多，很喜欢，相信****
1183,不错，遮暇还可以，推荐使用
1184,打开有股淡淡的香味，试用了一下还可以哦！
1185,好评，洗得干净不紧绷，好闻的海洋清新味~
1186,买了好多面膜，打算用到到明年双十一了，承包了已经这个真的超好用，用完脸润润的
1187,东西收到了很好，下次还来购买，快递小哥直接送货到家
1188,好，棒，好，用，极力推荐！
1189,好划算，两三天用一个，每天美美的，赠品小盒子一打开包装就被别人抢走了
1190,赠送的，用了一片还行，没有太明显的感觉，本身一直用的是另一个品牌的面膜，***家喜欢用美白精华
1191,昨天到了还没用、不过我都是在这家店买的好几次了很喜欢
1192,不油腻，效果不错，好用。
1193,一直用它，屯了很多货，实惠又好用，用了好几年了。每个效果的都买了一遍
1194,太干了，不好用
1195,以前都在实体店买，比较一下还是比较满意，比店里便宜多了
1196,可以香味也可以
1197,很好，不卡粉，保湿好
1198,买一送一，不错，一次买了两盒，够用一段时间了，超值的一次购物！
1199,很快收到不错！！！！！！！！！！！！！
1200,闷痘 搓泥 还有一年过期 ，，，，，，，，，，
1201,很不错包装也很好
1202,面膜看起来非常不错，味道好闻。
1203,一有活动就囤货，温和不太刺激，适合每天用
1204,一直用这个牌子的面膜，不错
1205,一般，洗了以后不是很滋润，个人是干性皮肤
1206,老顾客加回头客了，使用效果吸收很不错哦，可以根据自己的皮肤参考购买噢
1207,不错，容易推开
1208,挺好用的 遮瑕特别好
1209,很好用，还有淡淡的香味，下次还会来的
1210,用了之后感觉皮肤水水润润的，补水用这个真的很好
1211,很好用，洗了不紧绷，还还买一送一了，超值的，
1212,很好用，第二次购买了，好评
1213,东西不错，价格实惠，以后还会购买
1214,一直用这个牌子的面膜，感觉很好，会继续使用的
1215,好用的， 擦起来有一点白，唯一缺点就是味道不好闻。
1216,这个面膜还可以，水份很多。皮肤超好
1217,妆前隔离很好用啊，，，粉底有香味我不太喜欢有香味的怕熏到对象
1218,宝贝收到了很喜欢经济又实惠好评打赏
1219,一直都在用这个牌子，感觉很好用，价格亲民，上妆效果很好
1220,和我在实体店买的差不多气味相似，洗过脸好舒服滑滑的，不拉眼，真的好用
1221,一直都在用***，就是喜欢，就是好用&lt
1222,精华液很多，敷完吸收很快
1223,还没用，先用用试试，效果好了再来追评，但是包装很喜欢呀
1224,都是今天刚收到还未用，快递服务也很好，很常满意
1225,很棒，我超级喜欢?，我家住的远没想到都送到家，真好。还赠送的有替换装，大爱??
1226,老回头客了，都不用说什么赞美之词了。炒鸡棒棒！
1227,一直用这个牌子， 清洁能力：清洁能力挺好的，洗完不紧绷
1228,给妈妈买的，用了一段时间了，妈妈说还不错，很满意哦
1229,还行吧，还不错的样子，还可以吧就是这样啊，还行的样子啊。
1230,估计假货吧，肤色都不正，不能用
1231,昨天晚上回去用了一下，感觉卸妆很干净，很不错，按压也很方便
1232,不错哦。速度很快，~。以后就买****的了。
1233,适合干性皮肤，清洁作用很一般了
1234,质地好推开，清薄，透气，很好用的一款隔离霜
1235,东西收到了，质量不错是正品，比实体店便宜多了。
1236,感觉不是很好用 也不知道是不是我长期没用气垫的过。但是妆感还可以
1237,挺干的，不油腻
1238,很喜欢，又快
1239,洗面奶泡沫不多，洗了还比较干净，也不紧绷，现在换了整套大红瓶，总体来说还可以，发货挺快的，好评
1240,没抢到加赠的精华，物流还是很快的，精华比较水润适合夏天使用，美白效果等用完两瓶再看
1241,已经用了，还可以吧
1242,货收到了，查了一下是正品，一直用这个牌子，相信**很满意
1243,一直的老客户，发货飞快，质量不错，值得推荐
1244,这个遮瑕效果一般
1245,还好吧！还没用！
1246,效果非常不错哦(^_^)
1247,气垫还行，还赠送两替换装，就是粉扑不好用&hellip
1248,控油效果：很好。清洁效果：很干净。泡沫丰富度：刚刚合适。保湿效果：保湿一整天。温和程度：很好。
1249,**速度快，物美价廉，服务好，值得推荐，还会再来
1250,很划算，还没有用，期待好用
1251,暂时给个好评，用了出效果再追评！查了是正品！客服态度也很好！
1252,按压式的，很方便，押一两次就够了，卸载晚脸色不油腻
1253,还没有用，希望是正品，好的话还会继续买，用了在评论
1254,粉扑好硬。粉液也一般般啦。不过也对的起这个价格。有两个替换装。
1255,已多次购买，品质好，服务好，开票也快！
1256,感觉一般，就是补水面膜
1257,好评，帮别人叉的
1258,搞活动买的价格很便宜，很实惠，已经使用过一次，里面的精华液很多，以后会继续关注，期待效果，五星好评！
1259,还没用，不知道怎么样，但是看包装什么像是正品
1260,超级好用 清洁效果好特别好
1261,保湿锁水效果真的很好，趁着还有活动，又下了一单，多存点
1262,送的面膜本来以为只有一两张，结果是这么大一包，刚刚用过效果还不错
1263,昨天下单今天就到了，而且是**快递小哥亲自送到家门口来的，以后还在这家买，东西是正品，值得买
1264,**，一一如既往的支持你！质量很好且送货速度快！
1265,连续几年一直在这家店购买，双十一价格比平时优惠很多，希望给老顾客能更优惠。
1266,**的物流速度令人敬佩，以前是隔天到，现在早上下单，当天就到了，厉害厉害。还未使用，应该还行吧。
1267,前几天就收到了特别好用肤色偏黄的远紫色刚刚好
1268,挺好用的，第二次买***的
1269,买给自己妈妈用的洗面奶她很喜欢我也觉得很不错的呀真的超级棒
1270,好大一瓶发的是新包装。非常不错，很划算。
1271,贴这个牌子的面膜有两三年了，很好用，价格也实惠，有给同事用，她们感觉好也要买
1272,感觉墨角澡面膜面膜比较好用。
1273,洗面奶洗过之后润润的
1274,清洁能力：清洁能力挺好的  闻着很清爽  还买一送一很实惠  洗完没有紧绷感
1275,回来就用了，不错
1276,补水效果真的很明显，我用了一次同事都说皮肤好很多了！
1277,优惠活动时买的，性价比较高，以后还会回购
1278,给妈妈用的，红血丝干皮，用着好，
1279,之前自己买过一瓶，用着还挺好，这次给妈妈买的 用过之后再来评价吧！
1280,宝贝收到了，物流非常快，宝贝非常喜欢
1281,比商品非常不错性价非常好
1282,不错，挺好吸收，香味特别喜欢。
1283,效果不好，最差的一次面膜，感觉不是正品
1284,还没用一起52片，包装就一个袋子，快递还可以吧咋天上午下单，今天下午到。
1285,今天刚收到。晚上用过再追评哈。看着是正品，感觉用着应该也不错。最主要是价格比较实惠
1286,非常西瓜汁这个牌子的隔离，非常好用(?�?)会继续光顾的。
1287,每次用完都回头买 好用
1288,不错.比在超市和店里买划算.卖家和快递服务都不错给五星好评
1289,还没有用，还不知道效果。不过送了一付面膜效果不错，给个赞
1290,保湿效果好，裸妆不错
1291,东西很好，快递师傅态度也很多，不错的购物
1292,这款面膜很好用，价格也实惠，一下子买了好多，再有活动还会再买
1293,***的牌子比较信赖，已经用过一瓶卸妆水了，用着很不错。
1294,先用一下试试！看起来很不错
1295,物流挺快的哈
1296,真心不好用，第一次也是最后一次
1297,东西还是不错的，很喜欢！物流速度也快，老板人很好，老板娘也很漂亮，还送了小礼物！有需要还会再来！好评
1298,一直用的这款隔离，很轻薄透亮，送的面膜也是超好用的，人鱼面膜！****店，一直很信赖！！！
1299,看别人还送了东西  啥也没送不太开心
1300,好评，买几次了
1301,很不错，包装精致还没开始用呢～
1302,水润保湿不油腻??????
1303,特别满意，体亮自然
1304,用了小样，泡泡很少，感觉清洁不是很够，但是真的很温和
1305,好用不厚也不过敏
1306,到货晚上用了一片，很水润，也跟服帖，用着很好
1307,给老大买的，还比较合适他
1308,很服帖，不错。送了礼品。
1309,面膜很好用 我很喜欢，以后需要还会再来
1310,收到了 第二次购买 **没得说服务就是好 ，尤其是快递小哥服务态度特别好，给你个赞?
1311,特意用了几次才来评价，感觉很服贴自然，效果很好！
1312,贴合度：很好很满意。
1313,大爱，太方便了用起来，而且还挺省
1314,这款卸妆水，效果真的很一般，卸妆不是太干净，价钱跟商品本事，差距还是很大，实事求是的讲，不是很值
1315,棒棒哒，一直用这款隔离，效果很好。搞活动买的很划算。
1316,还没开始用，看着不错
1317,****的非常好，活动力度也很大，一直在**买
1318,好用，这个品牌还是不错的，起码面膜很好
1319,用了两片还行！继续用希望有更好的效果！
1320,不好用不滋润
1321,媳妇儿用的不错，挺好的，用完继续买
1322,用光了，很好用，物美价廉，关键过敏皮肤可以用
1323,不错很喜欢这个牌子
1324,宝贝收到了，用了效果不错
1325,刚收到货还没用，不过这打五折也太便宜了吧
1326,东西已收到，物流超快，宝贝用的也挺舒服，唯一的就是怎么没送点小礼品呀?
1327,个人觉得用后虽然没有紧绷感，但是挺干燥的，应该不会回购的。
1328,补水不错，可是有点点过敏
1329,凑单买的，没开封，希望味道别太香
1330,已经在用了，跟之前买的一样，便宜了很多！
1331,客服非常非常满意
1332,不错哦。速度很快，~。以后就买****的了。
1333,脸上舒服上很好，很舒服，很棒，非常好。
1334,垃圾，先不说效果咋样，就你这形状不规整，能让人感觉好嘛
1335,第一次买这个面膜，包装很可爱，今晚试试效果
1336,第一次用，还不错，本身黄皮肤，可以提亮肤色，还是可以的！
1337,很好用，洗了很温和
1338,用了几天，效果还行，挺保湿的，
1339,妈妈婆婆我一人一个，一次性买三个，比平时划算多了
1340,用了第二片才来评论 补水效果还可以 是正品 ！
1341,非常好的 容易打开  不错
1342,很薄！服帖！也不黏糊糊，还可以！毕竟价格合理
1343,给媳妇买的，用了说不错，大品牌值得信赖
1344,这个是送的，五张，不知道单价多少，***也用了两年了。感觉还不错
1345,送了很多赠品  用着一般般
1346,***的产品都超级好用，这款卸妆水卸的很干净，会一直回购的
1347,洗完之后脸不紧绷，挺好的，同学推荐的，说挺好的就尝试了下，嗯满意。
1348,很好用 特别是黑面膜非常舒服用了
1349,颜色粉粉的，用着很好。不油腻也清爽。继续用
1350,比实体店便宜多了，用了一段时间再追评！
1351,物流够快 还可以 ?
1352,用过一个了 遮盖力一般 但是很滋润 很好用
1353,使用了绿瓶好用，换个颜色试试
1354,很好，很不错，很满意，价格便宜实惠
1355,这款***面膜非常好用，保湿效果不错，第二次购买了，会一直支持***！
1356,还行，就是感觉能再便宜点就好了。
1357,还不错、、、、、、、、、、
1358,不怎么好用
1359,还可以，可以买
1360,效果很不错，贴装，一直都在用的一款隔离霜，推荐
1361,一如既往的好
1362,还可以，挺好用的，挺保湿的
1363,好用，洗后不干涩
1364,**物流真快！第一次用这个品牌，还不知效果如何。用了再来评价。
1365,好，一直用这个牌子的，双十一价位就很给力
1366,不错，速度快，东西用后再说
1367,之前用过体验装，用着特别好，回购的！
1368,一直用的这个牌子，很好用，价格也实惠，买的值
1369,宝贝收到了，今晚试用看看效果。**上快递真的不错
1370,货刚到，第一次买，感觉还是很不错的，用好在追评
1371,值得拥有！速度很快哦，女生长大了一定要用隔离
1372,买一送一。很便宜。也是正品
1373,不错，还保湿，摸完再擦一点粉底就好了??
1374,送老婆的，她很喜欢，牌子本身挺不错的，老婆反馈说好用
1375,商品是正品哦，很补水的哦，**的服务跟物流棒棒哒
1376,挺好用的，轻薄，而且很提亮肤色&hellip
1377,一直在用这款隔离霜，超级好用
1378,好好，用完再来，
1379,包装口不知谁给隔开了，不过面膜没少，我一直在用这个牌子的化妆品，挺好的。
1380,一直用这个牌子的面膜，但是没用过这一款，看搞活动买来试试，分给同事了几片，说用着还不错
1381,非常满意..以后还会光顾..值得购买
1382,控油效果一般  持久情况：持装效果大半天是没问题
1383,快递第二天就到了
1384,媳妇还没有使用，应该是效果是可以的
1385,查了一下是正品，试用了挺好用的，下次会回购的
1386,东西不错，很方便，值得推荐。
1387,用着还不错，买的紫色那个，性价比算高，眼下看可能会回购
1388,宝贝质量很好，**速度快，以后会再回购，现囤货
1389,好用哦 具有美白效果 喜欢 还会继续光临的
1390,水分多，好吸收，不错
1391,不错不错，第二次回购了，每次赠送的小礼品也很多！还会继续光顾的！
1392,一直是用这款，快用完一瓶了，挺服帖，也挺遮瑕，提亮肤色
1393,我用了三年的这牌子的粉底液了，一直在****买，值得信赖，和装柜一样的是正品，没有浮粉，保湿
1394,卸妆水很好闻！很好用！用完不紧绷！好评！
1395,老婆自己选的，用着效果不错。**送货也快
1396,宝贝收到用过几次了  好用
1397,包装太随便了吧连个包装盒都没有
1398,很好，值得推荐给大家介绍一下
1399,味道不错，效果很不错哦！
1400,对比了现有用的，应该是正品吧，保质期2020年11月，在范围内
1401,很满意，使用感不错！性价比不错。
1402,妥妥的没毛病 再苦再累也要对得起自己这张脸
1403,挺好用的不错，准备给朋友在买
1404,昨天买的今天下午就到了，物流快，辛苦快递小哥了！！今天第一次用，不知道怎么样呢！
1405,遮暇效果一般般吧
1406,这款面膜用了好几年了，有活动多囤一点，
1407,宝贝到了，包装完整，打开后宝贝也很漂亮，味道也是很不错，满意。
1408,拍一发了三个，超级划算，而且还很好用，好服帖不卡粉，值得信赖
1409,特意用了几天才来评价，是正品，好用，而且比实体店便宜好多，以后会多多回购的
1410,真心划算，据说是挺不错的！可以试用一下哈
1411,不错不错，好的好的，很不错
1412,这个用着不错哦，比较自然
1413,棒棒哒，一直在用***
1414,一直在用这款面膜，挺好用的
1415,超级喜欢，回购很多次了
1416,真的是太划算了，囤了一大箱，能用三个月了。
1417,买一送一，还没开始用，***应该不会差的，希望是正品
1418,一流产品，三流快递，直接下降成二流产品！得不偿失！
1419,很大一瓶子，很划算，期待后期使用效果哦
1420,送人的，应该不错吧
1421,还不错 很温和
1422,送给婆婆的，她说还不错，补水效果还可以。
1423,超级好用，物有所值，已经试过了，皮肤滑滑的。
1424,宝贝早上下单下午就收到了，**物流超快，东西很好，值得购买
1425,不错，还没用呢，等现在的用完了在拆，现在用的也是***的挺好用的，看见3.8节有活动就又入手了一只哦
1426,效果还不知道，收到就用了，补水可以就是味道太香了，
1427,都说包装不好，我觉得很好呀！面膜也很好用，比***的好！
1428,洁面乳收到了，质量很好，有一股淡淡的香味，清洁效果也好！
1429,给女朋友买的隔离，用起来还行，没有过敏。
1430,第一次买***的面膜，看评论说用着不错买来试试，用了确实很补水，精华液也很多，好评
1431,不错，比~便宜，希望是正品！！！！
1432,好，不错价格实惠物流快666666
1433,之前用过一次，觉得挺好用的，洗完不紧绷
1434,大品牌值得信赖，东西不错，还会购买。
1435,隔离效果挺不错的，一直在用，值得购买
1436,一直在用这种牌子的护肤品，好用又实惠。值得购买
1437,看测评入的，味道挺淡蛮好闻，涂上去还是觉得有点黏黏的，挺小只方便携带~好用的话会回购~
1438,很满意的一次购物
1439,一直用这个牌子的BB霜，这次入手这个，感觉还不错
1440,一直用***隔离，微微改善肤色，不干
1441,物流好快啊，昨天拍，今天就到了。很好用，又实惠
1442,刚收到货，打开试用了一下，卸口红，都卸不掉，这还是卸装水吗？
1443,宝贝儿收到了就迫不及待的试用了一下，效果不错，大爱！值得推荐
1444,味道挺好的速度也快
1445,还不错，很划算，持久力也可以
1446,一直用的***哦，保湿很好，会一直种草的
1447,买给妈妈的，还不知道怎么样，应该挺好的吧，试试看
1448,还可以这个新包装第一次用
1449,**送货就是快！给婆婆买的，婆婆很喜欢，卸妆水自己用了，出去玩的时候正好小样装带着，很方便！
1450,回购的，一如既往的好～感谢店家送的礼品。好评
1451,挺好的，一直用这个
1452,这个用了主要是不过敏，我是过敏肤质，试了一张保湿照顾还不错，天气干燥，这个必备
1453,可以，补水效果很好
1454,上妆效果：还好吧
1455,媳妇说用的挺好。
1456,不好用很烂
1457,面膜很薄很服帖，价钱美丽
1458,使用了才来评价，很不错??
1459,买好几次是正品
1460,这个吧，活动时候挺合适的，不错啊，好用，买了好多了
1461,功能性好，没有过敏的情况，比较温和，价格实惠
1462,买回来就用了，很好喜欢
1463,正品，用***六七年了，很不错，你家的忠实粉丝哟！
1464,东西挺好！
1465,宝贝质量不错，客服服务态度也不错。但是物流应该改进，到件几天也不派送，打客服电话也是敷衍了事
1466,宝贝非常好用，第一次评价，买了好几次了，扫了一下，是正品
1467,感觉还不错吧就是收到货时觉得包装太简陋了点
1468,发生点小意外，客服热心的又补发了一支～～～ 还没用，用过后会追加评论的
1469,有些油 适合干皮
1470,扫了二维码，上面显示是正品，没有用过，打开很香，希望用了之后与期的好
1471,是正品，很多次回顾了，一直相信**
1472,上妆效果：上妆效果很好，也不油腻，但是刚开始的时候是有点干，涂完之后会好一些 持久情况：上妆后很持久，比之前用的bb持久多了，爱上了
1473,看着还可以，用后再来看
1474,很好 妈妈用的 很喜欢
1475,包装很精美，图案也漂亮，很喜欢！拒绝不了卡哇伊的东西?
1476,物流很快，货收到就赶快打开看看，体验一下，感觉效果还不错，喜欢的亲们赶快下单
1477,用着很舒服给妈妈买的
1478,还好吧，本来想买***的1，这个用了也还好
1479,这个真的好用
1480,东西还不错用一段时间之后再来追评
1481,物流配送中心很快，宝贝用着很好，很满意的一次购物，好评
1482,评论说的都挺好用，我买的怎么不好用，太干了，没有说的那么保湿，上当了。
1483,很好用，这款包装比较好携带
1484,***隔离霜，这个很好用，味道也很好闻。
1485,这是第二次购买了。不得不说 这款隔离是真的很好用啊 轻薄也很提肤色。会一直回购的。
1486,刚刚才打开，在手上试啦下，感觉还不错，等用脸上啦再说！
1487,好用，不油腻，喜欢，新款的瓶子，用起来也方便
1488,很好用，不干，值得推荐。。。。
1489,必须好评呀，***隔离本身就很好用，买了两瓶赠了好多赠品，我都惊讶了，太感谢了，卸妆水能用好久了
1490,两瓶很划算哦，第一天用了，很温和不刺激。
1491,快递服务态度好。
1492,挺好用的味道很好闻
1493,萍萍直播推荐的，价格真的优惠，还没试洗，看起来还不错的样子
1494,保湿不油腻，很贴，是我最喜欢的一款隔离
1495,东西很一般
1496,不好上妆，不适合混合皮肤和干皮，抹上脸都搓泥了，一言难尽，有些失望，懒的退货了，下回不会考虑这款
1497,还可以用着还行，价格也挺实惠，还有两个挺好的，特别喜欢，还行吧，总之为了挺好的
1498,我妈特喜欢这款，平常真的太贵了，还是双十一划算啊~
1499,之前用过海藻的，但不是这个包装，这次趁着活动买来试试跟之前的一样不。
1500,第二次买了，跟实体店一样，好评。
1501,还不错啦，挺滋润补水的，建议可以尝试
1502,买一送一很划算，之前也用过这个，挺好用的，希望是正品和之前在店里一样
1503,使用了一段时间才来评价的，面膜很好吸收，东西不错，值得购买。
1504,赠品很好，用了后丝润光滑
1505,我以为挺大一瓶，拿到手发现，妈呀，好小啊！
1506,挺温和的，但清洁效果不是很好
1507,之前买过，这个没用呢，应该可以
1508,快寄很给力，第二天就到货，不用苦等好几天，一直在用的一款面膜，水水润润，赞\(���)/
1509,一直在用这个***牌子的，不过一直是在实体店买的。这次网购还在担心，用过后才来评价的，真品牌。
1510,物流快，价格便宜，昨晚今早各试用了一片，滋润补水，我是敏感皮肤用了没有任何不适，推荐购买。
1511,送货快，当天就到了，用着也还不错，有活动买着划算
1512,一般，没那么好用
1513,物流很快，用起来感觉补水效果很明显
1514,包装很好，就是盖子打开了不好扣上
1515,用***6-7年了，一直都在用，效果不错，值得推荐好评
1516,瓶子很漂亮很喜欢也很好用快递很快态度好
1517,***的这款隔离霜很不错，一直在用，效果很好！
1518,一下买了两套，期待效果。给**快递员点个赞！
1519,好用，水水的，粉很细，推荐
1520,应该挺好的
1521,面膜是正品，扫码确定了的
1522,我经常在这家买，但这是的快递太不靠谱了，商家也不解决，只是一个劲的说这处理，以后不在这买了
1523,物流挺快的，头一天订。第二天用就到啦。是正品，用着很放心。以后还会继续再买的。
1524,刚收到，还没用，不知道效果怎么样，快递是真的很快呀
1525,颜值较高，用着不错 ，家里的东西基本都在**买，**值得信赖
1526,好用，可以尝试，补水不错！
1527,很温和，卸妆也干净，感觉还不错
1528,非常好，和店里买的一样，关键是便宜了好多
1529,宝贝已经收到了，很满意，价格也便宜。
1530,买一个得三个，价钱实惠。个人觉得带点粉色，倒是不干。
1531,还没有怎么用，应该还行吧，他们家还是个值得信赖的大牌子，物流很快
1532,面膜早就收到了，还没用。一直觉得这牌子还行吧！试试看！**物流很快呢。
1533,商品不错，价格合适，物流给力，还会再买
1534,用了一段时间了，感觉很不错哦
1535,用这个店铺的产品已经两年，物流快，东西好，以后还会继续购买。
1536,收到了  超喜欢就是好 用一直用的这款  很适合我我皮肤的  赞一下  下次活动再来买的
1537,手上试用了一下，味道真的像洗发水，香味有点不太喜欢，质地挺轻薄的，抹上也挺滋润
1538,很好！不错跟外面买的一样的
1539,价格较便宜，未使用，不知道效果
1540,东西一般，感觉有点卡粉，这价格也就这样了
1541,还是相信品牌产品，品质有保障，今早用了，不错哦?
1542,买了好久，现在才来评论，东西比较好用，还会继续关注这个牌子
1543,用了好长时间了来评价，好推开不卡粉，用过后皮肤很光滑
1544,东西挺好的，一共两个替换装，买的值，用着也好
1545,美美直播间里买的，价格优惠。我之前在这家店铺买过化妆品，质量很好。是正品相信美美，以后会继续关注的。
1546,面膜超级好用，非常喜欢。
1547,味道很好闻，清洁能力也不错，我是敏感肌肤，用了没有过敏
1548,卖家发货很快，活动力度很大，很实惠
1549,补水效果看的见
1550,小海葵服务非常好
1551,很好，面膜挺薄的，精华挺多的，用着也很舒服，
1552,清洁度还不错，保湿效果很好。
1553,物流好快，第一次网上买这款面膜，期待效果
1554,个人情况：中性皮肤，清洁效果不错，洗后不紧绷
1555,酒精味很明显 👿
1556,质量还不错，最近都在用这个牌子，很舒服，值得购买！
1557,有种淡淡的清香，还可以，
1558,用了一片还不错，精华挺多的，挺好用的，30多片可以用很久了
1559,不错，补水效果很好
1560,物流很快，态度很好，面膜颜值很高，还没用不知道好不好
1561,效果不错，本人脸色偏黄，用了之后感觉状态好了很多^_^
1562,宝贝收到了，物流超快，买了两三天就到了，延展性很好，买的紫色，调节肤色，很好用，还会回购的
1563,用着还挺好，味道也挺清淡的，效果不知道呢！
1564,非常好，值得购买！
1565,面膜很好用补水效果很好每天都用，还送了个盒子
1566,包装完好，快递小哥服务很好，期待用后效果
1567,挺好的，挺好的，挺好的，哈哈，不错。
1568,东西收到了，首先包装非常，面膜还没有使用，用后追加吧！
1569,用着很不错，干净不紧绷。
1570,送货速度快。包装完整。**质量杠杠的
1571,***面膜是之前朋友推荐的，比较喜欢那个炭黑面膜，感觉挺补水的，昨天晚上用了感觉皮肤水嫩的
1572,买给我妈的，包装得到了她的青睐，滋润度对她来说正好，不过有一点点增白效果她不喜欢
1573,这款洗面奶很好用，用量少洗的干净。
1574,一直用这个款的洁面，很不错
1575,挺好用，效果很好，遮瑕效果不错，湿润
1576,补水效果太好啦，**买东西，早上下的单，下午就收到了！必须5星好评呀！现在只喜欢在**买东西啦！
1577,昨天下午收到的，今天早上就用了，挺好用的，是正品
1578,很好用，一直用的这个人牌子，用了5年多了。值得推荐
1579,**送货速度真的很快，服务态度也好
1580,感觉还不错吧，价格便宜，看效果来决定是否会回购。
1581,这已经是第三瓶了，以前没在**买过，后来都是从**买的，用着还可以，这个还没用，用了看效果追加
1582,收到了，挺好的，再看用得效果怎么样
1583,不错不错物美价廉用过之后再来评价
1584,乳液和面霜都带有香味，不是很喜欢，有保湿效果
1585,很喜欢，非常好，完美收货，等用过再评！！！
1586,挺好的，买一送3，相当于3个，很便宜里面的化妆垫很贴心的设计哦
1587,货到的很快，感觉还可以。满意。
1588,很喜欢 和悦诗风吟没啥区别
1589,擦在脸上不泛白，不是特别油腻，还可以。防晒效果有待观察。
1590,**快递就是快，还没有用，期待使用效果，***水润保湿，相信品牌的力量
1591,上妆效果：一直比这个隔离霜，很好用！
1592,一般般
1593,面膜还挺好用的特地用了几贴才来评价的
1594,还可以，就想买这个，吸收挺好的，就是包装不是很好
1595,非常不错哦，收到货了，真的是非常划算哦，活动价太棒了。
1596,买回来后马上用了一片，个人觉得很好用，补水效果不错
1597,已经用过好几盒了，很好用，而且不过敏。天天敷也不心疼啦
1598,做活动，挺优惠的，值得购买！
1599,****值得信赖，价格比实体店实惠，是正品，物流快
1600,这个产品我也不知道是好是坏，用完也没什么特别感觉，也没什么不好的感觉，习惯好评。
1601,到货快，好用，补水隔离效果好，价格实惠，很划算很喜欢
1602,看了这包装都没心情了，不知道是不是正品
1603,用了好久才来评价。很不错哦！效果也很好！自然！
1604,之前用过，还不错吧
1605,宝贝收到，还没有用习惯好评了。**快递小哥一如既往的好！给赞！
1606,清洁能力：很给力，回购
1607,一如既往的好用，非常的服帖，精华液也不多，刚好够脸，而且很清爽，很喜欢。
1608,因为用***的CC霜送了两瓶卸妆水，感觉效果还不错，就接着使用了
1609,送给妈妈用的好评好评好评好评好评好评好评
1610,以前一直用这个品牌 就是不知道这个瓶子经不经摔 服务好
1611,很不错，实惠好用喜欢的
1612,用着舒服不错哦，还多送一个替换芯，实惠又实用，用完还会回购的
1613,用着很舒服
1614,快递很快 很喜欢味道也还好 用完试试看怎么样 好的话继续回购 送了卸妆水 和面膜
1615,洗脸不刺激 感觉蛮适合我的皮肤
1616,货已经收到！物流很快，快递小哥很热情！还没有用，期待很好用！
1617,第一次用感觉效果还不错?挺喜欢的
1618,刚拿到，老婆晚上就敷了面膜，说还不错???
1619,不知道是不是正品，浓浓酒精味
1620,第n件，用惯了还不错。便宜。
1621,东西很好就是有点啃爹我买了第二天就降价，看见了很心塞.........
1622,面膜用着非常不错，我是敏感肌用着也很舒服，
1623,浮粉 不贴合 颜色更自然，便宜没好货
1624,中午下单下午送到，太快了，支持**。
1625,物有所值，非常不错
1626,非常好，买一送一，很划算。感谢商家
1627,味道很不错，以前用过，现在又换回来了，期待一如以往的好用
1628,用了，很好，
1629,遮瑕效果：还没有使用，老顾客了，一直在这里买买买。。
1630,面膜很不错，里面精华很多，做天晚上试用了一下，感觉不错，值得购买，并且价格也美丽
1631,确实不错哦
1632,比较满意，送了两个替换装。**的物流就是快昨天买的今天就到了。快递小哥服务态度比较好。
1633,东西不错，愉快购物
1634,一直在用这个牌子的护肤品，非常不错
1635,***的面膜用着还挺不错的，又一次购买了！很补水！
1636,买了还没有用，等用了再来评价一下，朋友推荐的产品应该还不错吧
1637,还行吧，味道刚开始不习惯，现在用着还行
1638,挺好的，一直用的这个牌子的，物流也挺快的
1639,贴了，很保湿，买得很划算呢。
1640,一百多，四大盒，太合适了，不求什么紧致美白的，只要补水就好~
1641,本来想买紫色瓶提拉紧致的没货了买的这个，用着还行挺滋润的
1642,一直用***的护肤品，用了两天真的很好用，补水**快递真的很快，点个赞，会继续回购的
1643,已经是第二次买了，用着不错，秒杀时买的，价位也合理。
1644,还好吧，没有赠品送
1645,宝贝收到了！喜欢这一款面膜！
1646,很好用，建议购买哟
1647,很好，水份充足，保湿效果，棒
1648,为了***买的，洗面奶的泡沫丰富，洗的干净不干燥!
1649,之前有买过，还可以，再来一次
1650,用了几天很好！不贵！又好用！涂在脸上很自然！挺喜欢的！
1651,不错不错，很大一盒子哈哈哈，超级喜欢，还没用不知道效果怎么样，不过应该可以
1652,质优价廉，送货速度快，服务好
1653,超级划算，一个原装，两个替换装。盒子很漂亮，用起来润润的。
1654,*近几年一直用这个牌子，感觉不错，**信得过，快递小哥???
1655,给妈妈买的，用着不过敏
1656,老婆大人用了之后表示很好，嗯嗯，看着感觉变了个人?
1657,不错，挺满意的
1658,用了好几年***的隔离霜了 还不错&hellip
1659,此款隔离霜真地很好，美白又遮瑕，价格也挺实惠，货真价值。
1660,很好又送了一大瓶卸妆水
1661,这张图代表东西不错但是我懒得拍照片了。
1662,挺好的 很喜欢在**购物 价格便宜 送货快 很方便
1663,宝贝收到了，物流特别快，是我理想的
1664,大牌子，用着不错，感觉比其他面膜要薄点，唯一要吐槽的是这个包装忒简单了，好歹弄个盒子三
1665,就是这样的感觉可以吧的
1666,购物好多次了，价格实惠质量不错，就喜欢这样的感觉
1667,物流快，一直在用这个，值得推荐
1668,卸妆还不错?赠品也是一样的还有卸妆棉?
1669,这个东西非常好，**物流也非常强
1670,挺好用的就是太少了没用几天就没了
1671,用起来很舒服，不会浮粉，目前没啥大问题
1672,很好用，挺湿润的，不干。昨天下的单，今天就到。**物流就是给力
1673,很好用，给我妈买的，以后接着买
1674,以后就选**了，正品
1675,非常好真的好喜欢好帖
1676,婆婆让买的，应该挺好的，她敏感肌肤，用了没问题
1677,东西收到了，一般般
1678,还可以吧，相信***
1679,包装很大气用着很服帖  外观也很漂亮
1680,之前用过，很好，还便宜，值得购买
1681,和店里的一样，我老公用了好几年，就喜欢这味道
1682,还不错，用后挺清爽的
1683,挺好的，比实体店打折还便宜，还送了贴面膜，也挺好的，面膜也准备换这个了
1684,最实汇的一次购物，相信**
1685,买给妈妈用的，快递非常给力，产品价格做活动力度大，很便宜
1686,面膜买的好实惠，补水效果超好，妥妥的好评
1687,老客户了，一直在你们家买，五星好评！
1688,很好用，泡沫不多但是清洁力跟强，有香味，洗完后很补水。
1689,应该是正品，跟商场里买的一样
1690,用了，这款自然色咋那么白?
1691,用着不怎么样，不是很遮瑕，不服帖
1692,用了质量不错非常喜欢.下次再来.很满意哦
1693,很润。喜欢，和BB霜很搭。
1694,乳液有点味道，不太喜欢，但是还好，过得去，没有粉色的那款好
1695,这个很实惠，还送了两个替换装，期待效果吧
1696,东西收到了非常满意，家里人也很开心，快递员也很好，好评
1697,双十一买的，价格划算，五分好评。
1698,发货速度很快，第二次购买了值得信赖。
1699,不错，经常购买，希望越做越好，还会继续支持！
1700,用了这个牌子的面膜，真的挺好的，现在又买了，好用
1701,用着不错 不油、商品降价、活动 速度太快
1702,防晒效果：不知道咋样  个人情况：干敏皮稍微过敏用了
1703,挺好了毕竟价格就很美丽。希望以后还能再买。
1704,以前用过好多种面膜，但这个非常好，用的时候不沙眼睛，
1705,清爽度：一直在用，实惠
1706,挺好用，以前用过好用，这次买的一样好用，价格实惠
1707,这是第二次用确实不错，下次还会来买的。
1708,其实我还没用 因为买了三款 效果追评吧 其实我想夸包装很好来着嘻嘻嘻
1709,~果然没骗人，比我用的那些韩国面膜好用，性价比又高，会一直回购
1710,一直在用，很好
1711,一大堆啦，可以用好久啦，保湿很不错
1712,非常好用，精华也特别多
1713,这个面膜买来还没用，不过一直用***，所以先给好评吧！
1714,上妆效果：容易上装，肤色显得自然，皮肤感觉不干燥。
1715,这款蛮好用的，显得皮肤蛮白的，，。而且涂在脸上特别细腻均匀，你值得拥有的好品质
1716,没有用过，希望好用。感觉方便。**速度快。
1717,一般，一股洗发水的味道
1718,一直在用，可以提亮肤色，喜欢
1719,昨天下单，今天上午就收到了，买时以为是33片，收到实际是40片，好惊喜，抽空敷一片，期待效果。
1720,我个人是搭配***的BB霜用的，还不错
1721,这包装实在不行，还大品牌，还没用，用过之后再来评价
1722,帮朋友买的，朋友说特别好用还送了很多小试用！
1723,一直用的这款，超喜欢了，效果很不错的哦，一如既往的喜欢，大?
1724,***人鱼公主面膜贴33片装（水养面膜20pc+雪润面膜13片）女海藻补水保湿提亮清洁收缩毛孔
1725,之前在这买的爽肤水很好，和店里一样，刚好家里乳也不多了，年货节顺便买点，不错
1726,买了！用了！拍了照片还没上传不小心删掉了?不过绝对正品，效果和产品图一样，美美哒！不过敏?
1727,很好的卖家，双十一买还送礼品，谢谢??
1728,过母亲节送给妈妈的礼物，价钱合理，赠品很多，希望能达到预期的效果
1729,很好用，很白，一直用的这个
1730,用过一次，感觉还不错，价格也很亲民
1731,防晒隔离效果不错，涂上后肤色显白又不夸张，用完下次还购买
1732,卸妆比较干净，用了后基本没粉刺了，鼻子上黑头好像也少了
1733,快递也快，一直很相信**～～～配上隔离特别自然，感觉白了一个度
1734,气垫很不错，不浮粉，不跑妆
1735,第三次购买了?????特喜欢这种香味
1736,挺好的，好吸收.。适合我的肤质
1737,宝贝不错，好评
1738,这个面膜跟补水，下次还是买这款
1739,就是一个垃圾！买的时候告诉我是两个替换芯！收到的只有一个！欺骗消费者！太#了
1740,其实是要买亮晰色的  买错了但自然色也很好
1741,当天付款，当天收到货了快递很给力。用过一次，感觉蛮好的，搞活动买的，便宜了很多。
1742,真的很好用
1743,超级好用。下次还会再来哦！美美的，相信**，一如既往的支持！
1744,买一送一的时候买的、好幸运、超级划算
1745,油 用了一段时间才知道
1746,每天一片效果还是不错的
1747,套装挺划算的，送了好多东西，效果怎么样使用一段时间再来评价。
1748,送给小姨的所以不知道使用感怎么样  不过她说蛮喜欢的
1749,经查验是正品
1750,用了这家店的面膜皮肤没那么干燥了，效果非常好，
1751,特别好的一款面膜，很滋润补水效果也不错，满分满分，以后继续买！
1752,一直用的***这个品牌，非常好用，宝贝到货了很满意！
1753,一直用的这款洗面奶，觉得不错
1754,"还不错,在实体店看过了,**相对便宜很多,果断购买."
1755,这款面膜我一直再用挺好的值得购买
1756,隔离霜还没试，赠送面膜却是出奇好用啊。
1757,用起来感觉还好，第二次买了。只是刚买了就降价，心里觉得不爽。
1758,物流快 首选
1759,很好用哦，抹上白白透透的，一点也不浮，好上妆
1760,试了一下修饰肤色的效果比较自然。
1761,收到用了一段时间了，还不错！价格也便宜！
1762,物流真快，宝贝收到了真的是很划算，用完了，还会再光顾
1763,老婆喜欢，用了连连说好
1764,是正品，话不多说很好用
1765,不错，水分足，贴个面部，非常好用，双十一购入也很实惠。
1766,很好用，忠实粉
1767,东西不错，值得购买，物流很快，服务态度很好很好！
1768,送货速度快好好好好好
1769,补水，用完没有紧绷感，皮肤都好了很多呢
1770,好用，一直都得上面买呢很实惠
1771,二线城市送货也很给力。两天就到了。面膜不错哦，一直用这个牌子的。
1772,物流慢死，付款8.9天才发货，买了几百块也没赠品
1773,东西收到有一段时间了，挺好的?好评
1774,好用，第三次买了，感觉非常不错
1775,上妆效果：不错，很自然。
1776,价格很便宜，味道清新，用后很舒适清爽。
1777,老婆交代一定买这个，收到货先晒晒，快递小哥很给力！希望包装能好点
1778,很不错的，一直都是用这个牌子的，喜欢，点赞！**物流速度很快的！
1779,不好用，清洁能力差的要死，以后再也不买了
1780,一直用这个牌子、很贴皮肤
1781,东西特别好特别好东西特别好特别好
1782,第一次用这款，感觉还可以，评论说服帖
1783,很水润，超级好用，我敏感肌肤，用完皮肤好润
1784,防晒涂着很清爽，很好涂开，上脸会泛油光，效果还行
1785,以为就一个替换装，没想到有两个，马上试用了，妆容超级服帖，很喜欢很喜欢
1786,宝贝已收到 包装好，服务好 五星好评，还没有用 用后再追加
1787,非常好用，媳妇非常喜欢
1788,快递速度快，还不错，希望好用
1789,很好用，和实体店一样还便宜，还有送卸妆水
1790,感觉泡沫不太好洗掉
1791,这个瓶口按压设计很帮，挺好用的
1792,还可以，一直在用，希望有优惠！
1793,媳妇满意说，，，，。。。。。。。。。。。。。。
1794,补水效果好，一直用这个牌子的，好用
1795,东西还是不错的，很喜欢！物流速度也快，老板人很好，老板娘也很漂亮，还送了小礼物！有需要还会再来！好评
1796,不错，很好用
1797,好评！多次购买了。很好用
1798,很香很香的。推开也不错，白白嫩嫩的
1799,难用哦，我的皮肤偏油，不适合我。气垫的感觉也怪怪的两个小时就浮了
1800,此次活动超级合适，买了整整一大箱子，送货速度非常快！面膜的精华液很多！很好！
1801,乳液是在用的，快用完了，补货的。用着还可以。
1802,很好，包装也很好，贴了一次效果很好，需要再回购
1803,很好非常好，很满意，效果不错，物流很快
1804,可以 很好用 下次还会买的！
1805,不错就是快就是快快快的
1806,搞活动买的99送了两个替换装，用着还行，和护肤品是一家的
1807,挺好用，不干皮。用后肤色很亮，不脱妆，比我在店里买的其他二百的都好用。
1808,好用，补水效果很好，女神节活动，很实惠
1809,很不错，老顾客了，买了好几样，这个是囤货的，用着很好
1810,还可以吧，感觉挺服帖的！
1811,还可以吧一直在用
1812,可以还是可以 就是看着油亮亮的
1813,超喜欢的、用了很自然美美哒
1814,洗完脸上滑滑的，不紧绷！
1815,购买过程有一点波折，客服很快解决了，态度很好，相当的满意
1816,整体描述：一般
1817,刚刚收到宝贝就试了试，效果还是挺好的，就是有点香。有点不适应哈哈
1818,一直用***，个人感觉还不错，不油腻，很滋润
1819,不太好不太好，不会再回购
1820,正在用，补水效果不错
1821,不错，还有替换装，比较贴合肌肤
1822,颜色比较好看，用后有点清凉的感觉，还可以吧
1823,产地是广州的，早知道去香港买好了，而且这个味道，一点都不好，用的时候感觉就像拿洗发水在洗脸
1824,慢慢得一大瓶，很划算，还么用呢！觉得不错吧
1825,外观好看，收到试用了一下，很滋润，而且有淡淡清香味，很好闻，喜欢的宝宝们赶快下手吧
1826,佩服**的速度，早晨定晚上就收到了，还没用，不知道效果如何，用了在评论。
1827,质量不错，很喜欢的，一直用这个
1828,送2个替换装，很超值
1829,收货迅速，不用等太久，叶藻的很保湿，配方最简单最保湿，墨角藻的黑面膜不行，水润面膜很粘不行
1830,洗面奶感觉不是很好用呢，有点儿滑滑的。
1831,价格优惠，东西挺好，很喜欢
1832,遮瑕效果超好的，对于干皮可能有点干，超适合油皮用的
1833,还不错，挺好的，很划算
1834,大小刚好，水份足，皮肤白嫩
1835,回头客了，满意
1836,应该是很好，去年就是订他们家的很好用，好评
1837,不错多次购买了
1838,很划算的，一直用的都是***的产品，一直信赖
1839,我觉得这款还蛮好用的，查了一下正品
1840,感觉还可以
1841,东西一如既往的好用、一直支持***
1842,给闺密下单的还送了2个小的卸妆水，我打劫了一个碎瓶瓶很好用的图片是偷别人的，拿回来忘记拍照了?
1843,第一次买这个，送了赠品，但用着有点油
1844,很喜欢，买了很多次了
1845,很不错，带了两个替换装，保湿效果不错，遮瑕效果很好。也不算太贵，能接受
1846,东西挺好的
1847,不错一直都用这个
1848,老婆看的很喜欢的，好好不错
1849,试用了几天觉得还不错，味道跟以前也一样，个人觉得挺好用。
1850,面膜不错，用着挺好的
1851,很滋润，不厚重，好用
1852,以前买过，挺好用的，又来买了
1853,挺好的 买一送一
1854,物流很快  晚上卖第二天就收到了  东西还可以  满喜欢的
1855,不错的商品，媳妇说了挺好用的，信赖****
1856,越用越感觉是假的，敷完脸上都是胶，真**坑人
1857,一直都是这个牌子，非常满意
1858,帮同事买的洗面奶，老客户了，反馈还是一如既往的好，发货速度快，包装仔细，日期新鲜
1859,不错哦，产品用起来很好呢
1860,买1送2的替换装，货只收到1个替换装，忽悠人呢！联系客服没有人理会，还**呢！
1861,还没有用，听人介绍才买的，快递超快的！
1862,一直用的这个牌子，还不错，物流也很快。
1863,为***打Call！！！金主爸爸也很给力！
1864,明明东西少了。还叫人家退货。太#了。最近**买东西不是杯子漏水就是少东西。#。卸载了。
1865,宝贝补水效果明显，吸收迅速，满足冬季皮肤需求。
1866,一直在用的品牌，品质一如既往的好，信赖**
1867,这次买的这个面膜快递刚收到时外箱有被拆过的痕迹，也不知道里面的面膜有没有调换过？
1868,敏感肌可用，很亲和，很好用！
1869,领券买的，挺好，下次再买
1870,双十一买的 我觉得有点坑的不能改地址 很气人！！
1871,假货假货假货，大家不要被骗了，
1872,还送了20贴，挺薄的，还好还好
1873,清洁能力：细滑容易冲洗。喜欢这香味。
1874,好用的，补水效果挺好的，坚持使用中。。。。。
1875,真的挺好用的，一直在用这款的隔离，本身我皮肤暗沉，擦了后气色立马好多了，真的挺好
1876,应该是正品吧，不是自己用的。
1877,温和不刺激，你还不入手吗？很棒，这个牌子就是好，值得购买，价格是平民价，很好！！！
1878,棒棒哒～为了***小哥哥买的～
1879,可能是不太适合我，不吸收，感觉就是在脸上糊一层，不会回购。
1880,怀疑产品的正品性，跟我上次买的完全不一样。。还辣眼睛，还要泡沫
1881,不好用，遮瑕效果不好，比较干，不保湿
1882,支持**买的。惊讶的是速度，上午下单，下午送到。
1883,挺好用的，一直买这个牌子的护肤品
1884,用了很舒服，脸滑滑的，和孩子一起用的，看来是老少皆宜。
1885,还可以，。。，，。。。。
1886,应该是正品，这个价格很实惠值得购买
1887,一般般吧！没有过敏就好
1888,活动买的 补水效果很好 味道好闻
1889,东西不错，很实在！非常的好用，物流也非常的快！感觉达到了巅峰
1890,量足300+160ML还有化妆棉，喜欢
1891,感觉还不错
1892,特别特别划算，比平常买便宜了很多，这款我长期用，从来不长闭合或者痘痘，也不油哦
1893,用起跟水润
1894,买一赠一，价廉，值得购买
1895,整体不错  包装完整  商品还是不错地
1896,东西不错，包装精美，一如既往
1897,不错的商品，很满意，下次还会买哦
1898,个人不喜欢这个系列的，买错了，用后感觉用水洗都油腻腻的，一定要用毛巾才能洗清
1899,还行，有需要下次再回购
1900,还可以噢。
1901,很香，像护手霜的香味，
1902,我是属于肤色偏黄的，擦上去不是很明显，但可以遮盖住斑点，也是一款不错的CC霜
1903,还可以，稍微有点油
1904,遮瑕力一般、主要是轻薄、提亮肤色、建议黄皮的买自然色或者无瑕色
1905,清洁干净，价格亲民，不刺激，很好
1906,活动购买的，很划算东西很保湿补水棒棒美美哒
1907,宝贝还不错啊，很润，
1908,送货比较快，还未使用，用后再追评
1909,太差！卡粉
1910,早上起来拆开用，感觉还不错，挺细腻，
1911,非常好用，从下学就开始用，五年了，日常护肤面膜，防晒隔离，都是***的，就一款***的粉底液！
1912,个人情况：太干了 整体描述：有点小，30ml 上妆效果：一般 持久情况：四五个小时吧 适合肤质：油性
1913,超级喜欢 小海马服务棒棒哒哦 表白小海马爱你哟
1914,不好用，生产日期都没有，亲们不要上当受骗啦！
1915,还可以&hellip
1916,特别好用，适合裸妆的我，美美哒
1917,收到还没开始用，但是闻着味道还不错
1918,这个隔离霜用着挺好的 清透不油腻
1919,礼盒很精美，以为买了很多，其实收到也就一点点，赠品很丰富
1920,快递员很细心
1921,不好，用了也没有什么好的效果
1922,用着感觉相当不错，很水润，很舒服，以后会一直买
1923,上次买了水跟霜还蛮好用的是正品，这次还没用，用过再来追评吧。
1924,还没用，看过广告来的，还不错。用了以后会追评
1925,妆感比较厚重，上脸很舒服。
1926,很好的面膜！不会说那些！东西好才是真的好！
1927,东西收到了面膜非常不错
1928,谢谢店家的赠品
1929,多次购买了，用着效果很好，价格便宜
1930,很好，已经二次回购了
1931,**物流真不错，前一天下单第二天就收到了。第二天迫不及待的都打开来试了一下，细腻滋润 好评！
1932,今天到货就用了，效果不错?
1933,还可以吧 一股浓浓的酒精味
1934,不错。使用了，好闻
1935,挺好用的，超补水
1936,当天下单当天就到了，快递超赞，宝贝也超级好用，擦上很服帖，修饰肤色，很赞很喜欢，推荐购买
1937,第三次买，补水效果杠杠的
1938,非常好??长期使用！谢谢送了面膜和小试用装！
1939,很好，是正品，用了不会过敏，用几天皮肤没那么干了，推荐大家购买，用起来很舒服很水润
1940,很好，很快，还会继续支持**。加油加油加油
1941,干皮喜欢 夏天稍微有点点油
1942,很好用 之前买过，很自然，很舒服
1943,包装很好，不不饿，跟朋友拼单，很合适，喜欢，继续活动
1944,收到就来评价了，这款面膜用的还可以，这次还有包装，还多送了几片，大赞
1945,给妈妈买的，之前自己已经买了一支大的，不油腻，好抹开。这次活动价格并没有便宜很多
1946,第二次用这个觉得很好
1947,搞活动买的，200块钱60片，非常实惠，面膜保湿效果也不错，值得购买
1948,效果还可以，非常喜欢，下次还买
1949,昨天收到晚上试一片，这款面膜真的很好用，以后就在这家店买面膜，祝老板生意兴隆?
1950,非常好，基本所有东西都是在**上买的
1951,出乎意料的好哦，很衬肤色，味道也好
1952,速速速速速的，比较满意。
1953,已经第二次买了，很适合我用，还送有两片面膜，下次继续买
1954,还可以吧，没用，就是替换少了一个，说是送完了，然后补了十元优惠券，  可以了，物流也挺快
1955,个人情况：混合性肌肤 整体描述：还行 滋润及保湿：保湿感觉差一些，有点干 吸收情况：属亚光，吸收还好
1956,比实体店性价比高很多 物流很快 点赞
1957,看着还挺多的头天晚上买的第二天就到了就差明天使用效果了
1958,还行吧，不过味道个人不是很喜欢啦
1959,一如既往的好
1960,换没开始用，但是之前用过这个牌子的，可以，一小瓶，也够用一段时间了
1961,和在门店买的味道不一样，可能是假的
1962,很多精华液，面膜纸是薄透的，期待效果，物流速度很快。
1963,包装高档，好用不卡粉，遮瑕效果不错
1964,我本黄皮妹子，用紫色正好，第一次用，效果不错哦！
1965,帮家里人买的，应该还可以吧。价位很亲民了
1966,物流超快，而且是满满的两大盒，试用了一片，感觉有点味道呢，希望是正品
1967,买的超值，送了两贴面膜，还有两瓶卸妆水，发货快到过快，支持**没错的
1968,很好，用了水水嫩嫩的！价格也实惠
1969,不好用，有点胶味
1970,用着很细腻自然。确实很好，满意
1971,之前用过，这次是回购，很好用，油性皮肤完全可以，确实长时间不脱妆，遮瑕力一般般，均匀提亮肤质的效果还是蛮好的。
1972,有的不知道是什么原因，贴上就有一块一块像是透气，可戴包装还是完好无损！贴十贴有两贴是这样的，求解释
1973,活动买的。很便宜。
1974,面膜很好以前我也用过这个牌子，夏天用很适合
1975,信赖** 物流超级速度
1976,个人情况：干敏皮 整体描述：买了第二次了，挺好用 滋润及保湿：挺滋润的
1977,礼品很好哦
1978,第一次买的，挺好的，不错
1979,挺好的，喜欢**，速度很快！
1980,一般般啦，而且这香味也太重了吧
1981,物流小哥服务特别好，商家也不错给个五星好评吧！、好不好用了再追评吧！
1982,老婆说用的还不错，这是买的第二瓶了
1983,用着是很温和的一款卸妆水。可以用来卸眼妆，用完后也不油腻，用着很不错。保湿效果很好。不错，值得购买
1984,物流很快，面膜都收到了，但还没用呢，很期待
1985,不错不错，比之前的套盒补水多了。
1986,不错的，一直都喜欢这个牌子
1987,已经第二次购买了，使用下来感觉蛮好！
1988,帮朋友买的，比专柜便宜多了，搞活动买很划算
1989,味道很喜欢，洗完脸也很舒服 不干燥也不蜕皮，总之很满意的啦????
1990,商品收到非常不错，尤其是快递小哥非常给力，信任**快递
1991,颜色偏暗，持久可以
1992,非常好 一直用这款洗面奶洗过不油腻清清爽爽的感觉。
1993,味道好闻，就是，好少啊。。。
1994,速度快 发货快 巨好用 比外面买的便宜得多 一天一帖
1995,产品和专柜一样呢，使用感不错，重点是12号下单大概13号就到了，速度太快了，客服服务也很好??
1996,还没用，有效果再来追评，希望好用
1997,很实惠，清洁皮肤效果很好
1998,很滑 很好用
1999,挺显白的，效果很好，很满意，物流也很给力，很愉快的一次购物
2000,还可以，就是不撑时间
2001,用着还不错，挺实惠的！应该能用上一阵子！
2002,颜色好，主要是适合干性皮肤！感觉挺不错的
2003,用着感觉真的不错
2004,卸妆效果很一般嘛，而且包装也很简陋，不建议购买
2005,很不错的一款气垫，又给同事买了一套，打算再买一套送嫂子！
2006,还不错吧?还不错?
2007,太失望了，拆开后是坏的，虽然不影响使用，但太影响心情了！????
2008,还好，就是我贴了脸过敏但**售后不错?退还给我了
2009,特别温和 挺好的
2010,这款卸妆水还可以，挺干净的，就是用完之后脸上有点疼，不知道为啥
2011,挺好，划算
2012,看了好久就买了，非常好用！值得购买哦
2013,很满意，用着效果很好，下次在来光顾
2014,不管是从包装还是效果！我只信赖***
2015,就是有点小贵
2016,个人情况：给妈妈买的，妈妈说好用 整体描述：正品，包装也很好 清洁能力：很好用呢
2017,真的是巨好用 我是***的粉丝 从上学一直用到现在
2018,已经用过很多次这个了，效果还是很不错的
2019,面膜有淡淡的香味，非常滋润保湿，敏感肌用一点没问题，非常满意
2020,速度真快，之前用过一瓶，效果很好
2021,对于我来说一般般
2022,还未使用！期待效果！辛苦快递小哥啦
2023,发货速度快，头一天晚上发货第二天就到了
2024,抖音种草总体来说还不错，比较干，好皮肤慎入，掉妆比较慢持妆效果不错
2025,宝贝已经收到了  给女儿买的  挺好用的  值得购买  下次还会光临的
2026,非常好用的一款面膜，贴着很水润，一点刺激感都没有！很舒服！喜欢??
2027,买了好几次了，不过我上次买的味道有点刺鼻，跟原来的不太一样，不过没什么过敏啥的，就算了
2028,不错，很舒服
2029,很好用的面膜，补水保湿效果好，精华多，比较服帖，薄薄的，很舒服，值得购买！
2030,涂上很自然很均匀，不干燥，好卸妆，值得拥有
2031,包装看起来还挺不错，试用了下还可以，香香的味道
2032,第一购买  特地用了再评论的  挺好用的  很清爽很好推开  ～
2033,很实惠的CC霜，之前用过这家，感觉还不错，满意的话我会继续回购
2034,好用，适合皮肤黄一点的，很自然
2035,用了两年这个了！非常喜欢她的味道！保湿效果很好，我很喜欢
2036,帮朋友买的，秒杀活动的时候买的好不好用我就不知道喽，要等朋友用过了才知道
2037,个人情况：33 以前没有固定的用一个品牌  整体描述：总体来说还不错！这款有点小贵。
2038,看着很大一瓶，店家发货很快，谢谢
2039,用了几天，才追评，宝贝超极好。很适合我的皮肤。赞赞
2040,用着还行很保湿
2041,应该是正品吧，买来送人的！份量还蛮多的，还送了小样，快递也给力，好评哦！
2042,非常喜欢，还没用，但是对于五一期间物流也这么快，真的好的没话说了，赞?
2043,个人情况：给妈妈买的，还没开始用。应该还可以之前买过水乳感觉还行。物流速度倒是挺快的。
2044,面膜挺好用的，价格也不贵，
2045,一直都用这个牌子的，现在是新包装，挺好用的，
2046,虽然还没用 期待效果。包装真心不错  速度也快
2047,女友一直在用的，可以
2048,非常好，一直用这个牌子的隔离，超级好
2049,节日做活动便宜了很多，很好用补水保湿效果很好，很满足。
2050,很喜欢，刚刚试了一下很清爽，物有所值
2051,搭配水乳一起听水嫩的，真的挺不错，颜色也自然，用完还会回购的。
2052,很好用，我买的面膜基本上都是他家的，跟专柜的是一样的，遇到活动时候抢来用最实惠，卖家生意兴隆
2053,东西还没来得及用，主要是给快递小哥点赞，风雨无阻。
2054,一如既往的好！！！
2055,用后脸不会觉得紧绷非常温和的一款一直都用扇风便宜又实惠
2056,面膜很水润，还会继续购
2057,特别的好用，一次买了3盒，朋友也喜欢用在个牌子的，护肤品都是***的
2058,买东西送的，用了用还不错
2059,商品不错，价格合适，物流给力，还会再买
2060,我的皮肤是敏感皮肤，用过之后再来评价的，保湿美白效果很好，关键是不过敏，还回来回购的。五星好评。
2061,牌子的，感觉不错，给老婆买的，效果还可以。
2062,面膜面膜可以，物流很快，
2063,看着不错，一直用的这家的护肤品！感觉不错
2064,宝贝收到了，**物流超快，东西很好，值得购买
2065,修正肤色，非常好的一款产品，物美价廉。
2066,不错，洗后很舒服，不紧绷，滑滑的
2067,一如既往的好
2068,宝贝收到了，之前一直用这款，很不错哦，装不容易花，很喜欢！
2069,洗了感觉脸滑滑的，
2070,这个面膜不好用，保湿不好，包装也不好，差评
2071,很划算的一次购物哦，买一送一耶！下次还来你们家买！
2072,今天试了一下，刚上脸觉得有些黏腻，但是等一会就好了，肤感还可以。
2073,不能改地址还挺麻烦的
2074,看上去还可以吧，快递超快的，还没用到时用过看效果怎么样，再评价
2075,宝贝收到了，刚用了两次感觉很好用，
2076,上午拍的，下午几天送达！已经用过，很好呦！
2077,东西收到几天了，还没有用，看评论效果不错，具体不知道，东西是挺便宜的，希望补水效果好
2078,昨天买今天就到了**就是给力啊！我先用裙带藻的精华液很好，效果一般吧
2079,一直用***，感觉这个是最适合我的，补水效果特别好
2080,还没用，不知道真假，验证了是真品，闻着味道也没错。双十一很便宜。
2081,发货很快，东西还没有用，看着不错
2082,买错了，要的是粉底液，结果买到隔离霜，但也很好用
2083,宝贝到了，试了一下感觉不错哦。
2084,非常好，跟店里买的一样，还送了一罐面膜。
2085,商品价格合适，东西不错好用
2086,不错，很好用，客服也很细心，态度也非常好，我的问题都一一做了回答
2087,用了这么久，还好，不错
2088,****，值得信赖，发货神速，质量上乘。
2089,太快了，早上下单，下午就到了
2090,感觉上脸有点腻 抹多了会会有点假白 味道也不是很好 防晒力度感觉也还算可以
2091,一如既往的好
2092,一直用这个牌子，效果棒棒哒，还有好多赠品，优秀优秀优秀
2093,图片上是一享三，收到的是2个，另外有一个赠品，算上赠品才3个，在与消费者玩文字游戏
2094,速度值得点赞，商品质量五星好评
2095,非常好，是正品，和我在专柜买的一样，很自然显肤色
2096,隔离霜好用，用完了比较有气色
2097,用了一段时间才来评价的，洗面奶很好用，泡沫丰富、细腻，好
2098,一如既往的好
2099,挺满意的，赠品不少
2100,挺好的，便宜实惠，正好遇上做活动流存了好多货，东东也不错，以后还会继续回购的。
2101,看评论说还不错，***的应该不会差吧，还没开始用
2102,看着还不错 就是包装有点简陋 试了再追评
2103,支持****店，大品牌值得信赖是真品，以后还会继续购买的。
2104,很不错的一次购物哦
2105,用了好几瓶这个遮瑕，特别滋润和美白，我用完这个就不用BB霜了！一步到位了
2106,隔离效果很好、一直都在用
2107,东西便宜，**购买放心！快递小哥辛苦了
2108,价廉物美！不错！
2109,妈妈一直用这款隔离霜，很喜欢用
2110,不错，我们都很喜欢哈，下次还会继续购买噢，继续使用哈。
2111,女朋友用了脸说有一点点痒
2112,用着效果蛮好的，相信***，一直都用它
2113,"用了一次就没有用了，味道太大了，接受不了,还有感觉不服帖，感觉不高"
2114,老婆多次购买了，评价实惠好用！
2115,很好用，买了很多，和我姐一块定的，价格也很便宜，用完了再来这里
2116,当天买就收到了，物流很给力，快递小哥也很给力，宝贝还没用。看着不错
2117,看起来不错，味道淡淡的，外观很喜欢，用过后再来追评
2118,挺好的，也挺便宜的，好评
2119,已经买了很多次了，这次做活动又买了，还送了很多小礼物，物美价廉！补水很好！
2120,用了一段时间才来评论，真的不浮粉，很服帖！力荐！！！
2121,很好，减肥减肥酒精发酵发酒疯经济
2122,还不错，有两个替换装味道香，但不刺鼻，可能有点儿掉妆
2123,好好用，一直再用***的牌子，这次活动买了三盒?
2124,用了，还可以，量好像没有其他牌子的多。
2125,买bb霜送的面膜，还不错呢，很补水！
2126,挺好用的，我脸上有红血丝，用了一点红血丝都看不到，还显白，粉底液都不用了
2127,第一次用，听说很好用，抹在脸上微微有一点点白，成膜速度非常快，而且不油腻，很清爽很喜欢，应该会回购的，支持嘉娜宝
2128,淡淡的香味，水润不干燥，还送了面膜和卸妆水！
2129,买给妈妈的，她说用着挺好的
2130,效果明显，本**肤过敏，这款没有过敏反应，很赞，会继续回购
2131,已经是第二次购买啦！质量很好，还会关注本店的，新品一定会再次购买的。面膜真的很好用，
2132,便宜又好用，量也多，可以用很久。
2133,一直在用这个牌子的面膜，刚好搞活动就买了，昨晚下的单，今天就到了。快递好，服务好
2134,活动时候很实惠，不错，很方便。。
2135,很喜欢，第二次购买了，很好用，试试这个系列怎么样
2136,按压设计很有新意很方便。
2137,宝贝用起来很好哦，要是瓶子能重新设计一下就好了，不好挤出来。
2138,我糖代言的肯定好用，之前买了素颜霜和隔离感觉挺好的，这次洁面买一送一划算就囤了，还没用，用了以后追评
2139,**快递小哥一如既往的给力
2140,不错，相信***，
2141,很好吸收，用着真心不错，价格便宜，正品
2142,很好用，很满意！
2143,好用不贵，搞活动囤了很多！
2144,活动价格购买的，比平时优惠了50元，东西挺好用的，一直在用***！
2145,一般般，感觉有点少，很干
2146,**搞活动的时候买的，价格很便宜，紫色的比较适合皮肤偏黄的妹子，挺滋润的，不干燥。
2147,扫码是真的
2148,用了3次，感觉也就那么回事。洗完脸感觉滑滑的，给我的感觉像没洗干净。在用试试吧
2149,这还是品牌的包装太差了。
2150,面膜真的好差，敏感肌的我还过敏了
2151,用了之后来评价的 感觉还行吧 味道一般不是香香的那种 他们家洗面奶是很不错的呢
2152,***化妆品应该算是前十化妆品之一了质量和口碑还是不错的，做活动的时候买了两三千的***的！
2153,非常不错，超级喜欢，面膜还行，嘻嘻嘻
2154,再次购买，很好
2155,好小一瓶，还没用先留着
2156,我是在手背做的实验，非常的香，是正品，拿回来就放包里去了忘记拍照，坐着烤火就不想起身了。
2157,感觉特别好用精华很多，第一次用，看看效果！
2158,虽然还没有使用，但相信是不错的，如果好，以后会继续购买。
2159,面膜还没用，感觉应该不错。
2160,描迷相符，很合适非常不错??，洗用了之后脸很清爽的哦??感觉棒棒哒！支持支持你们！
2161,挺好用的，还送了很多东西，很划算
2162,还可以 在专柜试了，挺不错的，
2163,面膜补水效果真不错，而且国民品牌良心价，每天一张面膜贴起来，水灵灵美美哒。而且**物流送货就是快。
2164,这款面膜我一直在用，真的很好敷完以后水水的嫩嫩的，不错下次还买
2165,很好的一次购物，非常满意，细腻有润泽喜欢
2166,买一送一挺划算的，还没用过，
2167,还没用，，等用了再来追评。看起来还不错，第一次买这个。希望好用，以后还再来
2168,没有免邮券的就不要买了。
2169,东西不错，老婆喜欢，再次购买，套装实惠。
2170,一直用***面膜，这次优惠力度大，包装好看?
2171,烂东西，抹不开
2172,还可以，回购几次了，下次还会买
2173,宝贝收到，我和女儿常年用这款产品，好！
2174,服帖滋润，蛮好的，现在都是在用这个牌子的护肤品
2175,还不错的，第一次用这个，喜欢??
2176,非常好？！！！东西很不错！物流很快！！！没压力！
2177,还好吧，就是比较温和
2178,以为就两个呢，没想到算上赠品三个，很划算啊还没用
2179,太小一支了哈哈，没想到30毫升只有这么一小只，送了礼物很好
2180,以前没用过，现在用了之后才来评价，这款***的真的好用，值得推荐
2181,送好几个替换装！这个价格物超所值！白的很自然，很水润！我觉得比***的好用
2182,还行吧，下次还可以再买
2183,物流很快，等用过了再在评价
2184,一如既往的支持****，又快又好，非常满意！以后还来！
2185,送的2O片包装还不错
2186,刚收到就迫不及待开封使用，补水效果很好，拯救了我的大干皮。
2187,搞活动买的第20条也不错的
2188,用了感觉不错 好评
2189,挺好的用的，
2190,很好用，一点都不干，提亮偏黄的肤色，效果不错
2191,整体描述：包装很紧密 清洁能力：清洁效果好，味道很香
2192,非常好的一款产品！使用没毛病，效果好，包装精美，送人自用都可以！！！推荐大家购买啊！！真的很好！！！
2193,保湿效果很好，也不油腻。非常喜欢的一次购物。。。。。。。。
2194,今天收到货就迫不及待地试了下确实可遮瑕，以后就认定你家的了。
2195,面膜很好哦 很喜欢
2196,漂亮的包装，***的我一直都是在用，很保湿的，也很修复的，很喜欢***的产品。
2197,洗面奶使用后脸上总是滑滑的，卸妆效果不好
2198,刚买回来就降价了
2199,特意用了一段时间才来评价的，质地轻薄比较好推开，非常满意
2200,好用，还会回购的。
2201,宝贝很好，哑光效果，混油皮脱妆不严重，这个色号颜色偏深，建议小仙女买偏浅色的，总体感觉不错，推荐给大家
2202,给婆婆买的，满意
2203,一直是用这家的产品，包装很好，效果也很好。质量没的说，新产品试用时候再来评。
2204,挺实惠的，用着也不错，以后就用这牌子的了，介绍给朋友来用
2205,超好用，不卡粉，涂完它，都不用再涂气垫了
2206,感觉还好，就是按出来有点麻烦，瓶子塑料比较硬。
2207,之前过用过好用，再次购买，比****便宜
2208,***产品挺不错的，温和不刺激，现在全套用这牌子了。
2209,还可以吧。主要是活动的时候下单的，很便宜，很划算，水分很多
2210,第一次在**上买东西，包装完好时间也快
2211,老顾客了，超满意，经济又实惠。够用长时间了，客服热心，**快递神速。赞
2212,特别特别好用，很去油，洗脸很香，洗完脸后，皮肤很滑，就是特别好用，特别实惠。
2213,满意 99块钱买的。用完再来
2214,很服帖！上妆也很舒服！
2215,一下买了两件.以前用过.挺好的下次继续光临
2216,数次回购～～～忠实用户～～这次双十一购了满满一箱～～屯够一年的用量～～～赞一个～～
2217,物流非常快，面膜非常好，非常补水，老婆很喜欢
2218,挺好的，单买洁面的，又买了套装，之前用的是正品的 MK，用了近五年，针对我肤质，感觉没啥大作用，换
2219,太快了，昨天晚上下单上午就到了，以前用过他们家的护肤品感觉有点干，第一次买他们家的面膜不知道怎么样
2220,不说了，用完没用
2221,一直都用***面膜感觉还可以
2222,好东西好东西好评好评好评，重要的事情说三遍！
2223,该商家卖的全是假货，用了几天就不敢用了，刺激皮肤而且这次买的商品盒里说明书都没有一张，晕了
2224,很好的宝贝，非常喜欢，物流也快，服务很好，赞一下
2225,这款卸妆水挺好用的，喜欢，推荐
2226,扫码，确实是正品，大家放一百个心去买，我已用了，非常非常好，实在是太划算了。
2227,我的皮肤比较油和起痘，这个面膜之前在同事那用过几片，简直好用爆了，看到有活动果断买了
2228,我是高级会员，非常开心。
2229,忘记评论了，还可以吧，喜欢的可以下单哦，快递师傅辛苦了啊。快递师傅一如既往的好。
2230,收到了 面膜很好用 一直用这个，还会回够 谢谢
2231,还可以挺好用的
2232,不怎么样，不怎么起泡沫，不如实体店的好用
2233,老顾客了，用着非常好，客服也很好问什么答什么
2234,服务态度员太差劲一点都不尊重别人
2235,买了一大堆，，这个裸粉色眼影根本看不出来，裸粉色的，其他的都还好
2236,送的面膜也很好用哦
2237,质量不错以前今常买，**的质量放心。
2238,已多次购买 非常喜欢
2239,超喜欢的  用完在买?
2240,第一次用***面膜，挺好
2241,我去年双十一买的！补水效果不错！是正品，又回购了两盒
2242,一直用的这个系列，适合油性肌肤，不油腻
2243,还没用，物流还是很快的。
2244,清洁能力：洗挺干净又挺保湿不干燥
2245,一直用，还行
2246,收到货就用起来了！还不错呢
2247,产品是正品，物流很快，又方便！
2248,保湿效果还好吧，还喜欢！
2249,***来光顾，洗面奶不错，价廉物美。超级敏感皮，用了没事。
2250,很好用，我T区出油比较严重，这个解决了我的困扰，主要不卡粉
2251,***这款隔离霜很好用，还送了赠品，下次还会光顾
2252,不错，老顾客了
2253,很好，一直用这个牌子的
2254,挺好的，底色很好，使用起来也很方便的！！
2255,双十一买的，价钱比平时要低得多，是正品，补水效果还是不错的，用***有几年了
2256,挺好的，一直用这个。补水。
2257,还行吧，用了几次感觉有点干
2258,物美价廉，值得购买，好用不贵
2259,好 还没用
2260,满意，还没用，不过一直很依赖**的所有产品
2261,发货快，物流给力！早上十点下的单，下午四点多一点就到了。
2262,很补水效果很好，一直在用这款面膜，感觉很服帖。
2263,有点卡粉，用了一次没在用了，有点失望?
2264,这款产品用着非常好！以后就买你家的产品了。
2265,东西用了一段时间了，挺好用的，是真品
2266,不错不错挺好的
2267,今天才开始用，很好用，补水渗透性很强
2268,个人情况：东西很棒买了两只泡沫挺多的味道有点香推荐入手
2269,超好用的面膜
2270,买一送一挺便宜的
2271,一直使用这个牌子，非常满意，通透光洁美白，不过敏。
2272,很实惠，效果也不错，快递也很快
2273,特别好用清爽不油腻
2274,价格挺实惠的，用着也很舒服，下次还会来购买的，信赖**，物流速度很快
2275,宝贝特别好  特别喜欢
2276,快递挺快的，今天下单，次日送达，给个好评???
2277,**的物流真是超级快，东西还没用，赠品也不错
2278,味道不错，不紧绷
2279,很贴合肤色，效果不错
2280,是正品！不错的
2281,挺好用的，弄到眼睛里也不会疼，挺温和的，不错
2282,很不错，用完之后皮肤感觉好多了
2283,不错，物美价廉，收到就迫不及待的用了一片，补水效果不错，揭下面膜稍微拍几下就吸收了。
2284,东西不错，厚度适中，大小合适。物美价廉，值得购买，五星好评。
2285,垃圾，用过的史上最差的一款，浪费钱，又卡又浮粉，还难推开，心疼我自己。
2286,很好用，跟之前在店里买的是一样的
2287,使用还可以，就是快递的包装怎么又是中空的，物品在里面来回跑，哗啦哗啦响
2288,喜欢它的设计，不用倒置瓶口就可以把卸妆水倒出来
2289,非常好，很喜欢
2290,还没用，今天才打开看看，包装挺好的，等用过以后再来写追评
2291,**送货很快，第一次购买这个产品，包装很到位，不错的！
2292,真的是物美价廉，还送了两个替换装，用了皮肤白的自然不错
2293,一直用他们家的卸妆水，效果挺好
2294,很不错，第二次买的，用起来也不错
2295,以前也买过，用着很可以，品质很好。国产么么哒
2296,挺好用的，快递很快，
2297,做活动买一送一，价格实惠，第一次用这个面膜，挺好用的，补水效果不错，精华也很多，味道淡淡的。
2298,试擦手背，感觉还挺好用的，看以后效果再来追评
2299,黏黏糊糊不吸收
2300,还没有用，应该不错吧。就是这个日期不太好
2301,挺好的，和室友一起买了有3支，这次又买一支，去专柜试过才下单的，很满意
2302,不错。。。。。。
2303,还可以吧，先用着试试看看吧？
2304,东西收到了，比预想的好很多，一直信赖**
2305,用着不错，挺水润的，大爱呀爱呀
2306,不错哦。速度很快，~。以后就买****的了。
2307,是正品，已经在他家买第二次了，也可以做底妆使用
2308,一直在用，效果好
2309,老婆一直用的这种，说用的还不错，还有小赠品。
2310,宝贝收到了，一次买了2套。使用后冰冰凉凉，水水润润很舒服，夏季必备。一次愉快的购物。
2311,还没用，应该不错，好评
2312,已经第二次购买，这次的物流出奇的快，我是油性皮肤，感觉还不错，自己用完有明显的改善
2313,还没使用，用过后再追评吧！看着真不错
2314,很好用，温和不刺激，清洁力也不错，好评
2315,刚刚收到货，打开东西很不错，还有好多赠品
2316,搞活动的时候买的很划算！
2317,昨天晚上用了一片，感觉还可以
2318,靠谱实在的赠品！
2319,超级好(?�?)
2320,清洁能力：总总体来说还好，只是一点点红。
2321,效果不错，老婆喜欢。应该还会购买
2322,清润型，用起来很清爽不油
2323,挺好的质量不错，感觉像正品
2324,一直用这个牌子，我和闺女都在用，感觉不错。
2325,用过一次就爱上了，很好用，补水效果好
2326,遮瑕不是太好
2327,东西用了一段时间了，效果不错是正品！刚开始还担心没有实体店里的可靠
2328,很好很喜欢
2329,用起来遮黄气暗沉，还不油腻，我属于混合型皮肤，用这个挺好的
2330,个人认为**的东西很棒！物流也很快&hellip
2331,还没用 小小的一个 希望对混油敏感肌友好
2332,一直信赖的产品，跟店里一样，是正品，属于温和性的，油性干性皮肤都可以用！
2333,物流很快货已收到，试用了一下就是有点黏黏的不知道是不是正品。
2334,谁用谁知道，还行吧
2335,挺好用的，经济实惠的。
2336,很好很自然，很香，两个替换，好划算
2337,宝贝收到了，还没有用，感觉不错。用过他家的化妆品，挺水润的。物流杠杠的！喜欢??
2338,喜欢用***的面膜，有些问题**客服也该解决了
2339,就是太裸妆了。。。。。。。
2340,买给妈妈的，她很喜欢
2341,**快递是蛮快的，就是包装太简便了吧，面膜里的精华都出来了??
2342,听同事们讲这款CC气垫霜很好用，昨天果断下单买来，用后追加评论。
2343,看着还不错，很多的，感觉很好，送货快服务态度好。
2344,好用 美白隔离效果很好 肤色暗黄推荐使用
2345,之前用过一次朋友的，感觉不错，这次买来试试，还有送卸妆水?
2346,支持**，东西很好，很实惠，配送服务态度很好。
2347,非常满意，没有异味，瓶口方便，使用无异常不适。推荐购买。
2348,这个价钱真是超级值得，赠品好有分量，很好用，易吸收，推荐！
2349,不止一次买不来呀，隔离效果好，而且价格非常公道喜欢的朋友可以入手。
2350,一直信赖的东东，补水保湿效果特别好。
2351,过节了，让自己更年轻，非常好。
2352,面膜感觉不错，价格实惠，值得购买，不错的一次购物，下次还会光临
2353,不错朋友挺喜欢
2354,清洁能力：洗面奶比以前用的用起来效果也蛮好的，用段时间再说
2355,**物流真的没话说，太好了，还没有用，用过后追加
2356,不错，女朋友经常用这个
2357,瓶包装完美，瓶子很好，分量足，卸妆水感觉很少
2358,上妆效果：有点假面，比较厚重 持久情况：很好 适合肤质：油皮
2359,好用，喜欢，物美价廉，总要继续回购。
2360,收到了还没有用，看着还不错
2361,粉质不是很好，只能将就!
2362,物美价廉，快递给力。味道淡淡的清香。挺好用的，泡沫细腻，不紧绷。趁着活动囤货。
2363,还没有用，有点香味，****店应该是正品吧
2364,还挺好用的，一点就够非常好用
2365,收到了，贴了两张深海雪润面膜，感觉补水效果还可以
2366,发货速度快宝贝是正品，满意
2367,用起来不错，很细腻，两个替换装，很棒，价格便宜，物美价廉，好用，好评
2368,价格便宜活动给力，夏天防晒配卸妆，不错。价格便宜活动给力，夏天防晒配卸妆，不错。
2369,卸妆水好用，不刺激，非常满意
2370,一次买了两袋，水比较多，用后皮肤光光的
2371,活动买的很合适，用着很不错，店家服务也很好
2372,包装盒很好看，送有两个替换装，粉质很是细腻，略带香味，用着很舒服！
2373,伪娘化妆用的~嘿嘿嘿嘿，爽~
2374,看李佳琦推荐的，用起来不油腻，淡斑美白效果看后期使用时间会不会有变化再来追加评论。
2375,上午拍的下午就到了，物流没得说，用这牌子两年了，其它面膜再没用过
2376,挺好的，用着不错，挺容易推开。感觉有一点厚重。整体来说还不错。
2377,外观看上去做工粗糙，盖子是弯的，洗面奶很薄，几乎没泡泡，洗后没有清爽的感觉，觉得不值。
2378,第一次购买使用。效果不知。赠品到位。偿试性购买。物流很给力哦！
2379,面膜挺好的
2380,用了后脸部无紧绷感，比较保湿！
2381,给手背上试了试不错细腻亮白
2382,用过了才来评价，有淡淡的香味，不油腻，很容易就拍散了，很好用。
2383,宝贝很喜欢，价格也很合适，还会继续光顾，希望效果也很出众
2384,给妈妈买的，妈妈很喜欢，挺滋润的！
2385,防晒效果还不知道。不过挺保湿的
2386,没有介绍的那么遮盖红血丝，只是稍微有点提亮。
2387,给老婆买的!老婆说效果很好!
2388,气垫霜还不错，很喜欢的。
2389,第二次购买了，味道香香的，提亮肤色，还是很好的
2390,大品牌值得信赖，**快递很快的
2391,还行吧，氨基酸洗面奶较温和，不过好像还是干
2392,刚刚试了一下，挺舒服的
2393,一直用***，赶紧不错
2394,我觉得很好用哦！
2395,一点也不好用。用的脸上都起痘了。那些好的评论都是骗人的。假的
2396,卸妆水好清爽不刺激，卸妆很干净，好大一瓶，能用很久，经济实惠
2397,我不知道白不白，但我一直都在用！***系列已经用8年了，喜欢！
2398,一直都在**买的这个牌子，好用
2399,活动买的很合适，用着很不错，店家服务也很好
2400,收到货了，非常好。物超所值。
2401,应该差不多，以前一直有用这个，祝掌柜生意兴隆
2402,物流很快，面膜用后感觉也特别的好，价格也很实惠，喜欢的可以试试哦
2403,感觉'还不错哦，一直都想买一瓶隔离霜，结果跟朋友一起买了，
2404,洗面奶和我之前买的一样而且还比之前便宜 希望以后会越做越好不要偷懒
2405,非常满意，会给朋友们推荐的，还想买俩个呢！特别舒服。
2406,挺好的吧  第一次用气垫
2407,这个面膜很好用，用了一次就感觉补水效果很不错
2408,很好用，奶思
2409,非常好，买的清爽型的，一点都不油腻，是我这个大油田的救星呀！
2410,第二个感觉不是很好用了
2411,好好用哦，肤色提亮了很多，透气。用完还买
2412,用了评价，遮瑕效果一般，但是挺润的，没有浮粉
2413,东西不错，比较满意啊，好好好好
2414,不错，一直购买，值得拥有和推荐给大家。
2415,用着效果挺不错。买一赠一，很划算，祝店家生意越来越好！
2416,很好，一直用的这款面膜，这下够大半年的了，
2417,家里的面膜挺多的，这个收到后还没用，不过看着挺不错的，迟点再试试看看好不好，只要不过敏就好
2418,很好，怎么都看不出来，今天弄了问朋友朋友都以为我没擦
2419,用着挺不错的，价钱也不贵，脸上用了挺水润的，没有那么干了
2420,送的挺不错的
2421,看着就很高大上，还送了两瓶卸妆水，非常喜欢
2422,好不好用另说，就是便宜
2423,有一瓶漏了
2424,一直在用这个牌子得东西，不错，养护需要时间
2425,很好媳妇很满意
2426,面膜不错很好！！品牌值得信赖很好用，很满意不贵！
2427,面膜不错，用起来补水效果非常好。
2428,快递小哥很热情，送货速度很快，挺好的
2429,手的图片是原图哦，不过涂了隔离霜，美白效果没话说了，特别好
2430,好用，买了几年了
2431,特划算，送的面膜盒也漂亮，上档次
2432,已经收到，适涂了点在手上感觉颜色偏黄！明天再上脸看下效果
2433,刚收到货就迫不及待的使用了下，感觉很不错
2434,包装完整，买了两盒，七五折，实惠。用过以后再来追评?。
2435,还行吧！一直用***的
2436,活动价格真的很实惠，这款面膜，个人觉得非常不错！
2437,一般般吧，
2438,一如既往的回购，温和不刺激，保湿效果好，好评
2439,实惠好用，包装精美，大品牌就是好
2440,不好，里面的东西好少，还得使劲压才有
2441,还不错，感觉卸妆挺干净，脸不油，而且挺大瓶的，目前用2次了，感觉没什么问题。
2442,嗯，用着挺好的，容易推开，效果不错
2443,东西还没开始用，评价是因为我想夸一下物流，那是真的#，效率超级高！！
2444,我只能说不得不佩服**的物流，比顺丰都快，太牛了，上午下单下午就到，厉害，东西很不错，值得购买
2445,很清爽，不油腻，味道也喜欢，因为我都是淡妆，所以很干净，买一送一，还送了一大包卸妆棉，很划算
2446,帮朋友买的，听她说挺好用的！好评！
2447,遮瑕效果好，本**肤发黄，用了之后感觉气色很好，自然
2448,个人情况：有股淡淡的香味，洗完脸滑滑的
2449,用起来还可以吧，也比较好用，价格也可以。
2450,很好，一直在这家买
2451,收到面膜了，包装漂亮，应该面膜也好用，老牌子，用完下次又买
2452,这个牌子的化妆品挺好的。
2453,挺好用的，不错的产品，值得推荐！
2454,效果非常好，下次还用这个
2455,好? 和实物描述的一样 不错值得购买  物流也快
2456,特别好用，???
2457,略偏黄的膏体，干皮上脸不觉得油腻，轻微酒精味，防晒效果不错
2458,很不错，物流很快！很喜欢！赞赞赞赞赞！一直在用云南白药牙膏！喜欢！
2459,多次购买了，感谢做活动这么便宜，以后双十一还来买，效果好，虽然没有美白，夏天没变黑球，就很好了
2460,很好用，用一段时间了
2461,东西不错，是正品，价格便宜，送货快
2462,帮同事买的，据说挺好碰到活动买来试试
2463,真快呀，上午买的下午就送到了。支持**买的
2464,习惯5星，看不出来好也看不出来坏，稍微偏硬，贴合度不是特别好
2465,喜欢这款，特别好用，涂抹均匀
2466,这款气垫挺好用的，细腻，易推开!而且价格也实惠!会回购的!
2467,感谢客服的耐心，物流超快，虽然还没用，相信效果非常好。
2468,挺好的哟，不错不错，值得购买
2469,这款隔离挺轻薄的，用起来自然不厚重
2470,不错很好用，下次还会光顾
2471,很好，不油腻，很适合我用，平价
2472,买给老妈和老姨的，老妈用这个挺长时间了，比较适合她的皮肤。双十一价格实惠！所以囤了两瓶
2473,第一次使用隔离霜感觉美白效果和隔离效果都很不错。
2474,货收到了使用一下没有还可以就是有点小贵
2475,还行，就是刚开始的味道不喜欢
2476,一如既往的好 用三个双十一了 跟实体店一样 每次都这样备一年的 超划算
2477,昨天用了一片不错。赠品是钥匙扣儿之类的就好了。
2478,很棒很服帖不会浮粉，很显白哦，
2479,刚买了几天就掉价了，客服不处理退差价，申请了退货，才处理了差价，特别不愉快。都影响心情了
2480,一点也不刺激，很好用
2481,个人情况：混油 吸收情况：有点厚重夏天用
2482,性价比不错，挺优惠的。以后会考虑回购
2483,总体来说不错、我这是第三次购买了、需要的亲们可以放心购买、好评
2484,一直用的这个牌子的面膜，真的不错哦！
2485,非常好，总买这个牌子，大牌子放心，****更放心。
2486,很滋润，双十一囤货。
2487,使用后好清淡的香味，也不是那种特别厚重的百，很薄很透，非常喜欢，后期用后再追加评价
2488,效果不错哦，而且不伤皮肤，不觉得油腻，卖家服务好，性价比不错哦！
2489,非常好！！！！
2490,用这款隔离三年了，很好推开而且滋润度也很好！价格也不高，会无限回购
2491,收到了，还没用，查防伪是正品，用过后再来追评。
2492,一直用的这款，超级好用，超级服帖，好评
2493,用着还行  不是特别白  能接受
2494,洗的挺干净的
2495,物流很快。买一送一，超级实惠。
2496,第二次购买了，第一次买的效果不错
2497,看着还行  还没用
2498,质量还不错，快递也很快，送货上门哦，不错的选择！喜欢这个
2499,还可以，送了两个替换装，不知道替换装会不会更好
2500,还没试，先好评
2501,果然一分价钱一分货，洗在脸上一点感觉都没有，失望
2502,宝贝收到了，非常满意，保湿效果不错，很服帖，下次还会光顾的
2503,效果很好，值得购买。棒棒哒
2504,还不错，易涂开，谢谢卖家送两小瓶卸妆水
2505,懒得拍照，所以只能截图了，用着不错，容易推开，很润，也显白
2506,用了两贴，没觉出什么来。主要是便宜。
2507,面膜正在使用中，效果挺好的，会持续关注的
2508,很不错，第二次购买了！继续支持！
2509,我觉得还不错。我是干皮，用起来特别滋润，防晒效果还待观察！！！！！！！！！！！！！！！！！！！！！！！哈哈哈哈哈哈哈哈哈哈哈
2510,很好用，很喜欢，2个换用，很喜欢，物有所值，包装和快递都好，下次再买
2511,快递小个很是给力，手机没有电了，还在那里等我来拿货，**快递就是好，下次还会回购的哦?。
2512,很不错，用后不紧绷，赞
2513,到货还没有用，应该好用。看上去很大气。
2514,效果还不错，活动购买的，价格很实惠
2515,是正品，和实体店买的一样的，网购比较优惠了，还送了一个漂亮的晚宴包，大气上档次，很喜欢
2516,清洁能力：泡沫很多，一搓就有，洗的挺干净的，味道也好闻，很温和
2517,买一送一的活动，**联名款，看起来不错的样子，买来给媳妇备用的
2518,这个很好！很细！也润！
2519,非常好，每年双11购买的必须品。
2520,卸妆水收到了，最喜欢的就是**快递的速度，产品也不错，会继续光顾
2521,喜欢**购物，方便快捷，正品，而且价位合适。这个第一次使用，期待效果！
2522,好香，上午下单下午就到了
2523,非常非常好用啊 色号上脸正正好 稍微白了一点点 过几个小时暗沉下来正好和肤色完美融合 也不怎么容易脱妆 总之很满意
2524,很好用！！！！
2525,宝贝已收到，物流也很快。
2526,宝贝物美价廉非常好虽然还没用，应该不错
2527,送货速度快包装很好
2528,用了几天才来评价，真心不错直得购买
2529,很喜欢，活动价格超值，真的很美丽啊，越来越觉得**好了
2530,活动价格，相当的便宜，没用过这个品牌的，但也就追求个基础保湿，应该不会太差。
2531,之前用过 感觉很水润 所以又买了
2532,和我的小伙伴一起用的比较油腻必须用水洗两遍才会好，现在左右还没有看到，希望这两天能够有好的效果。
2533,刚收到没开始用，期待效果，搞活动，秒的，价格还可以，好用会回头的
2534,不好卡粉，还一百多块钱的东西啊，和几十块钱的差不多?
2535,家里的面膜全部换成***，我姐家也塞满了，现在是一天一片，保湿效果真的很好！
2536,精华水少，面膜有点硬，总体还不错
2537,好用  物流很快
2538,还行，还OK啦
2539,少送了一瓶，卖家又给多发了一瓶好评
2540,一直用。很好，喜欢，还送了抱枕，挺好的，用完，在来买。呵呵，好评
2541,这款面膜回购的，补水效果非常好
2542,这个也是第一次购买，听朋友说挺好用的，自己也来试试，用过之后挺自然的，问道也可以，真喜欢。
2543,物流超级差 到达目的地5天才派送
2544,面膜很好，一直用他家的，很好用哦！
2545,物流很快还是那个味道  正装一如既往的好送的比之前的少了点  寄保质期也比较近了&hellip
2546,强力推荐的面膜，超级好用补水水润，喜欢喜欢。
2547,上妆效果：上妆效果一般咯 持久情况：持久度不错
2548,不好，不好，没有实体店里好，好刺鼻啊，
2549,这个挺好用的，之前也是用的这个都是在店里买的，这次在网上买的也不错，脸比较干这个保湿效果还行
2550,跟实体店一样的，关键是还送了两瓶甲油，我皮肤偏黄，选了紫色，试用了一下，不油，特别喜欢
2551,不错哦，挺好用的，保湿补水
2552,第二次购买的，一直用这个，好用，发货速度快，很满意
2553,试了一下，挺水润的，给妈妈买的。
2554,非常好用，不干，湿润，美白，效果好！
2555,很好用的一款cc霜
2556,用着很干，不好用。
2557,多次购买！好评！
2558,比自己皮肤颜色稍微白一点，还是比较自然的，一点点可以用全脸
2559,上次买了一支清洗的很干净，看见有活动又马上囤了两支
2560,东西不错，值得购买，加油
2561,好很好非常好
2562,宝贝收到了，跟描述的一样，试用了一下有淡淡的清香味，还可以。满意
2563,还不错，不会泛白，刚上脸会有点油，过一会儿就不会了，酒精味跟碧柔一样那么重，但不会辣眼睛
2564,感觉可以，
2565,****物流速度快，商品价格优惠！
2566,产品收到了，还没有用，不过价格很便宜，还送了面膜呢
2567,不知为什么这次的酒精味都点大，之前的都没什么酒精味
2568,之前买过一次，用了觉得补水效果还不错，赶上活动就又囤了点货
2569,味道很清新自然
2570,很好，多次购买，希望38节活动多多
2571,用过很好！支持***买来送朋友！质量也很好！外包装也很卫生！? ? ?
2572,***，一直用这个牌子的护肤品，感觉好用
2573,宝贝收到了，用着很不错，客服小海龙非常好。
2574,快递很快呀 比我想的早多啦开心～
2575,味道挺好闻的
2576,不怎么亮肤
2577,很喜欢，也挺好用的
2578,面膜补水效果很好。
2579,是他家的忠实粉丝，护肤品全是他家的，搞活动时买便宜实惠
2580,一直在**买东西，相信**的品质，送货很快，服务也很好！
2581,用了一次了，就是感觉洗了以后脸没有那么润，还是紧绷
2582,保湿效果不错
2583,清洁能力：感觉还行，泡沫不会太多，容易清洁，洗完脸不会很干！忘记拍照了！
2584,效果很好，价格很便宜！！！
2585,同事双十一买的，没有单独的盒装包装，包装太简单了，就一塑料袋子
2586,控油效果：这个人很懒，什么都没写。。
2587,东西很好 物流很快 价格实惠
2588,挺好的，双十一回购
2589,一直使用这款隔离霜，轻薄服帖不油腻，上妆后非常自然。会一直关注的。
2590,昨晚下单，今早上就到了，快递小哥神速
2591,东西收到了，店家还送了礼品，很棒。看的很满意，送朋友的。
2592,卖家还送了两贴面膜和卸妆水小样，看起来不错啊物流也很快
2593,好用，实惠
2594,味道挺好闻的，上妆效果很好
2595,挺好用，和在店里买的一样
2596,买给婆婆用的 ，婆婆说很不错， 下次还会回购
2597,非常好用，祝店家生意兴隆。
2598,隔离霜很好用，用起来不干，老牌子值得信赖
2599,用了几瓶了还行
2600,***的商品包装的非常好，非常喜欢喜欢，谢谢老板。
2601,给老婆买的，好像还可以
2602,收到还没用，好评先
2603,还可以，查了一下是正品，第一次用起来感觉吸收不是很好，不知道是不是跟个**肤有关系。总的来说还行吧！
2604,垃圾，形状都不规整，往脸上贴呢还是糊呢
2605,个人敏感肌肤痘质皮肤 用完感觉第二天长痘  补水没有太大感觉  毕竟价格在  仅供参考
2606,挺好的。不错
2607,值得信赖的品牌护肤品
2608,还好吧，就用过一次，就是不知道是不是自己皮肤太干，有点脱皮的感觉，总体还可以的
2609,已经用了，挺好用的
2610,一次买了两大盒，可以用两个月了！现在正在敷，很服帖，好用，物流很快
2611,到货很快 ，用着很显白，很好！
2612,***的面膜好用还不贵，喜欢用***的护肤品
2613,一次买了超多，好划算，
2614,面膜太好用了  超喜欢 又实惠
2615,面膜真的很服帖。非常喜欢呢！还想买。
2616,还没用呢，就是看着价位合适，先屯点
2617,挺好的，，，，
2618,物美价廉，但是比双11贵，不能保价
2619,以前一直是在实体店买的，这次网购跟实体店质量差不多，蛮好用，性价比高
2620,以前用过，挺好的，还送了一瓶霜
2621,用着还不错，泡沫很丰富，洗完不紧绷，很适合
2622,老品牌，质量好值得拥有！水特别滋润！
2623,精华太少啦
2624,定妆效果很好，不卡粉。值得拥有！
2625,不好用 特别油油 尤其是干了以后
2626,很好用的一款面膜，妈妈很喜欢，?(???&thinsp
2627,包装的很好，也很优惠，买了三组
2628,很不错满满两大盒买一送一很划算
2629,这个面膜，对得起这个价位，补水真的可以，特别是春季比较干燥，之前起了干皮，现在补水不敢大意！
2630,这款卸妆水很好用哦  轻轻一擦就掉了，很干净。做活动买的很划来。
2631,感觉不错，去污力强
2632,对我来说泡沫过于多了，不过质地很温和，洗完之后很舒服
2633,还行吧、是按压头、不会很浪费、或者步步小弄倒也不会倒掉
2634,碰到买一送一的活动感觉炒鸡划算的！不知道用了会不会过敏，然后一直很支持***这个牌子
2635,春节的时候没了，  买了一盒好贵哦。  现在有活动，赶紧买买买！！！
2636,快递小哥服务好，速度也快，唯一不好就是商家，上面写的替换装送两个结果只有一个，差评，简直欺骗顾客。
2637,挺不错的，很划算，物流很快
2638,面膜用了才来评价的，精华液多，用后皮肤滋润。挺好的宝贝，是真品。
2639,双11物流比较快，去年买的刚打开有点淡淡的味道。快用完的时候，味道就不一样了，不是很好闻。
2640,网页写的保质期四年，拿到手一看明年十一月就到期了。
2641,送给妈妈的，说味道很好闻，我也不太懂，应该不错的！
2642,免费送的，当然给个好评
2643,好用  颜值也高不错
2644,一直都是用的这个牌子的护肤品，补水效果很好呢，
2645,挺好的，以前的BB都比较干燥，这个就质地挺保湿的那种。而且很好闻，持久度也还行吧，对于学生党挺友好的
2646,滋润不干，很好用，可惜还没用多少天，发现怀孕了，只能先停了
2647,不错哦，还送面膜，昨天收到类今天早上用了一下特别湿润
2648,很好用，好推开，性价比很高，送了我面膜，面膜也很好用
2649,包装很好，物流也快。很满意
2650,很好用，味道也好闻，送了赠品，特别棒！！！速度速度，是最重要的！！
2651,还不错，比较好用，味道也不浓重，不卡粉。
2652,宝贝很好，买一送一 性价比高
2653,补水效果好
2654,今天收到，快递给力，用了在追评
2655,挺好用的，很滋润，喜欢。**物流就是快。赞
2656,我是店铺搞活动时买的，还在返利上领了十块钱的券，买一送一，物流超给力，宝贝也好用
2657,第三次回购了  非常补水的面膜
2658,第二次购买了，感觉不错就推荐给大家了、好用
2659,还没开始用，应该不错，一直用他们家的化妆品，送的面膜盒很实用，谢谢良心卖家
2660,很好，就喜欢在**买东西，经常都有优惠活动，今天买，明天就到了，服务杠杠的
2661,味道清凉不油腻，还未用，用后再来评价，量大。便宜实惠。推荐
2662,你这挺好用的还挺实惠，买了一支还送了一只
2663,容易推开，用了也特别自然，同事问我，最近怎么气色这么好，哈哈?
2664,保湿度很好，防晒效果不清楚
2665,很好推开，颜色也正合适，用送的卸妆液卸下来很方便
2666,是正品，吸收也特别好一点也不油腻，保湿效果很好，值得购买。
2667,补水效果特别好，精华液也很多
2668,挺好用的，上午买的下午就送到了，物流超快
2669,好用哟，想买的赶紧吧！
2670,还可以吧，就那样，我也没见我的痘痘盖住，抖音主播还推的那么厉害，视频那么神奇，真是的哼
2671,不错，很满意，是我喜欢的
2672,已经用了，还行吧
2673,紫色比较适合我的皮肤，香香的挺好闻的。
2674,快递没话说，非常好，宝贝收到就用了，补水效果很好，买2份共收到80片，超合算，下次有活动再回购
2675,用了感觉还行不错！价格还算实惠，跟实体店差不多。
2676,一直用***，很好用
2677,第一次用，感觉还不错，就是瓶盖设计好巨大呀，看到那个盖子我感觉我要使出洪荒之力才能打开，哈哈哈哈
2678,这个不知道真假咯，哦，就有一股那个酒精的味道一样的很，酒精的味道比较重
2679,划算，还挺好用的
2680,这几天用了保湿效果不错，是我想要的效果
2681,第二次购买了，补水保湿的效果不错，打算坚持使用，希望脸上皮肤能有所改善
2682,真的好用，超级补水，晚上洗完脸就贴了一张，揭下来，脸上滑滑的
2683,还不错，都购买几次了。
2684,好评，物流给力下次还会光临，推荐给亲朋好友。哈哈
2685,味道可以的！用的也不错噢
2686,可能是我自身原因  浮粉比较厉害
2687,还可以用了二次
2688,还没有开始用，先好评吧，护肤品的一系列都是用***的，
2689,活动时候很实惠，不错，很方便。。
2690,宝贝收到了，物流快，第一次使用不知道效果怎样，朋友推荐，希望不错
2691,扫了下显示正品，活动价很实惠，买了4瓶送了4张面膜
2692,对皮肤很好
2693,洗面奶很温和，清理力也强，值得推荐
2694,东西收到，效果一般，要类保湿的，用过后不保湿
2695,一共有两替换装，超值的，而且挺上色，喜欢这个
2696,婆婆喜欢回头会回购
2697,先是用妹妹的被种草的，但是我买回来用了以后觉得有些卡粉，不过习惯好评
2698,给老婆买的。很好用
2699,这个隔离涂上不卡粉有提亮的效果，购买三次了
2700,很好卸妆，
2701,刚买了就便宜20块不开森，好嫌弃这包装
2702,第三次购买了，妈妈是干性皮肤，很适合，还送了睡眠面膜
2703,洗完脸还是会紧缩，正不正品不知道，反正就是渣货
2704,护肤品都用的***的，所补水，这款�妆水也很好用，用完不油，很清爽
2705,面膜还是很好用的，敏感肌也可以用，补水效果非常好
2706,很好用的隔离，老顾客了
2707,性价比高，用后皮肤很好，质量不错
2708,一直**购物质量好，物流快，还会回购！！！
2709,今天试试，精华液挺多多的值得购买哦
2710,感觉还行吧，但是不适合我这种皮肤，老搓泥。
2711,很好，跟实体店买的一样，。
2712,感觉很好，喜欢！
2713,为了***买的，支持**哥哥，面膜很好很保水补湿?
2714,满心欢喜的收到了，结果让人大跌眼镜，差，非常差，卸不干净，还是那句话：便宜没好货！
2715,假的吧，洗了脸过敏，商家态度极差
2716,用起来还是挺不错的
2717,第二次在网上购买了，比实体店便宜
2718,送给妈妈的 还可以 不错的
2719,买隔离送的，好用
2720,一如既往的喜欢这款，好用实惠
2721,看起来不错！！！等用过之后再来评价！！！！！！
2722,还没有用.用了在来评价.外表可以
2723,已经是第n次购买了，依旧好用
2724,一直用，第二次买了，很好用
2725,面膜很好用，保湿效果很好。物美价廉，快递小哥送货速度快，态度很好。
2726,真心不错，一直都是这个牌子的！
2727,挺好  一直在用的。
2728,客服说这款面膜是他们店里最补水的一款面膜，所以就买了，事实是，确实很补水～
2729,还可以，涂上后有点发干。
2730,我用的都是***护肤品，喜欢用这个牌子的东西，很好用。
2731,我老婆买了很多，她说很不错的，希望以后都点搞活动，买多点回来放着，哈
2732,买一送二，很实惠，用后再说效果，应该不会差吧！
2733,东西是正品好用
2734,物流很快，但是外包装好像有拆了的痕迹，里面的小包装完好。这次网购总体一般，不是太完美
2735,搞活动的时候买的挺便宜的用过后才来评价补水效果很好
2736,送给妈妈的！超级补水！她现在超级好看了！真好！
2737,用了两片了，挺好的
2738,使用了一下，挺滋润的，香香的。
2739,东西是好东西，一直在用，效果很好，客服真的忙，问一下能不能优惠一点，半天不带理你的，全程机器人聊天
2740,用着很水，补水够用了，主要是物美价廉，不错不错
2741,很水润服帖，不错
2742,还可以吧，一直再用这款
2743,包装太次。有一袋面膜破了漏水，然后也没有送那个面膜铝盒。
2744,喜欢，还没有用
2745,感觉还用，还可以开始用
2746,老妈用，很好
2747,很好用，贴完脸很舒服
2748,感觉还好。
2749,面膜很好用，用完感觉皮肤很清爽
2750,非常好，十个字都凑不齐了。
2751,大品牌不错，很舒服，很薄又很多精华液。下次还会再光顾
2752,物流很快，包装完好，心情美美的。活动价买的，多送了一个替换装
2753,挺好的，一点都不油腻，我是混合性皮肤，挺适合我的。
2754,用着还可以
2755,对于偏黄肤色可以提亮肤色，真的很好，一直在用
2756,物流很快，包装很严实，没有损坏。活动的时候买的，很划算。第一次买，期待效果。
2757,黄皮 买的101象牙色有点白了 不过过一会就好点 控油情况还行
2758,物流快  回来马上试了  很清爽  不油腻
2759,已经多次购买了，一直用的，挺好。
2760,还比较好涂开，也不会很干。
2761,宝贝不错。
2762,一如既往的好
2763,补水效果挺好的，
2764,不错，补水效果好，活动就是便宜。
2765,好评！！！！
2766,看产品还不错，水两瓶，！包装属于简易版！赞**快递神速！
2767,面膜刚到很喜欢  包装也非常好  运货速度也非常快非常满意
2768,不错，补水效果很好，实惠又好用，以后护肤品就选这个品牌的了
2769,为啥连个盒子都没有？？这样我会以为是假货！
2770,可以，不错，物美价廉，值得拥有
2771,紫隔，用了一次，还不错
2772,可还行，脸滑滑/洗不净
2773,质量不怎么样，挤了好多也没什么泡沫，感觉洗不净的样子，很不开森，是我用过洗面奶最垃圾的一次。
2774,上午买的 下午就到了**快递速度真不是盖的这是买的第一个隔离霜 希望好用吧
2775,挺好不过我好像买错了之前用的补水系列，水漾心机的，这个好像更适合男士&hellip
2776,因为最近熬夜 皮肤缺水爱出油 就选择了这款 用着很舒服 能修复皮肤  推荐
2777,味道非常好闻，用起来也特别服帖自然，感觉不错，产品价格也很合理
2778,昨天下的单今天就收到了，一直用这个牌子，感觉挺好的，这隔离霜也挺流的
2779,双12就是划算
2780,一直用这个洗面奶，很好用哦
2781,气垫很好细腻你不脱妆
2782,看起来不错！！！等用过之后再来评价！！！！！！
2783,很划算，这么多面膜就只需要这么点钱，一直用***效果不错，感谢卖家，祝生意兴隆，
2784,一点都不好用，感觉跟洗衣粉一样！
2785,用着不错，可以回购，好好好
2786,收到宝欠，打开一用，感觉挺好。
2787,还可以，就是包装也太差了吧，包装
2788,第一次在**买面膜，物流很快，面膜很好用，下次还要再来买
2789,很适合我的皮肤使用感觉到不错，值得入手的。
2790,我用了几天了，感觉很不错，以后就用这个了
2791,很喜欢，第二次购买了，很好用
2792,像正品的，挺好
2793,宝贝有淡斑效果  美白尚不明显
2794,好好好。脸上洗的好干净，
2795,感觉清洗的效果不是很好，得用好多才能洗掉
2796,感觉还行  第二次购买
2797,**商城买东西真是太方便了！送货又快！挺好用的！挺合适的！
2798,这个面膜是我用的最好用的一个，以前买的都太多了，这个跟我脸刚刚好，超喜欢
2799,还可以吧，不知道隔离效果怎么样
2800,宝贝收到了，挺好的，物流也特别快
2801,第二次购买  物美价廉  效果不错挺好的  配送很快
2802,夫人感觉面膜挺好满意。一系列的服务都满意
2803,物流很快，绝对正品，到家用了一下，很不错
2804,适合肤质：很好用的一款
2805,不愧是名牌，就是好，保湿效果非常好，用了后脸滋润很多，很光滑，好评
2806,还好吧，慢慢用，挺不错的好用
2807,性价比很高，很好用，每年都要买好多给婆婆给妈妈，双十一价格超级优惠，很满意
2808,刚到手，看着还不错，用了再来评价吧。
2809,还没用完不过很不错！还送了面膜盒！
2810,是正品一直用的这款隔离  对于我这种黄皮效果很好
2811,面膜特别薄很服帖精华很多用完很保湿很不错。
2812,"新包装的和玻璃瓶的都差不多感觉、一直用***的隔离霜,平价好用"
2813,已经买好几次了，还不错，很喜欢，一直在**买护肤品，很方便！！！
2814,商品收到了 很好 建议大家赶紧购买 赶紧购买 买吧买吧买吧
2815,**购物值得信赖，质量好，送货快
2816,只能说，习惯好评
2817,比较划算，囤了一大堆，慢慢用吧。
2818,第三次购买了，挺好用，味道也不错！
2819,补水效果非常好！精华液也特别多！好评
2820,还是挺好用的
2821,已经收到，不错
2822,多次购买了，满意
2823,味道可以，还没用，，，
2824,给妈妈买的，湿润，好用，妈妈很喜欢
2825,给老婆买的，她一直都用这个牌子，挺好用的，超赞
2826,肤色自然，提亮肤色，很细腻
2827,服帖是真的  还有就是不是很白 不会显得跟肤色差异很大
2828,朋友帮忙签收的，还有没用，到时候用了看是不是正品，在追评
2829,收到了，遮瑕效果好，价格实惠，物有所值，开心，棒棒哒，会再次光临
2830,喜欢，很舒服
2831,快递迅速!服务态度好!使用效果非常棒，会一直支持的
2832,上妆效果：还可以，今天到货就立马擦起来了，可是有点黑。下次买102色号
2833,这款洗面乳很好用，我一直用这款洁面乳，真的好用
2834,一直都在用这个牌子的护肤品化妆品，非常好用的产品
2835,很好用的宝贝儿，值得拥有
2836,之前买过，很好用
2837,挺好的，是正品
2838,吸收情况：可以
2839,价格便宜，也好使，在他家买过好几次东西了
2840,经过使用，感觉挺好
2841,一直用的这款面膜补水挺好的，用完皮肤又白又亮
2842,超神速，当天付款，当天就到了
2843,优惠，好评
2844,还没用，期待好效果，之前那个用完了，上午下单，下午就到了，就这速度也必须给个好评
2845,用了两片了，敷完滑滑的，待继续用看效果吧，99元买一送一同款
2846,媳妇买到，比实体店便宜一点，她一直用这个面膜。
2847,送的手册超级喜欢，面膜也很服帖，**物流也特别给力，满意满意
2848,有点春过敏，朋友推荐这款，敷了一片非常舒服
2849,用了一下，还不错
2850,买了一瓶用了几次被儿子弄到地上碎了，又买了一个，感觉还可以
2851,物流挺快的，昨晚下的单今早就收到货了，还送了一盒赠品。一直使用***人鱼面膜挺好的。
2852,货到破了一瓶，找客服马上补发了一瓶，????
2853,还可以，主要是性价比比较高，被~种草的
2854,非常好用的卸妆水，下次还会再来
2855,我一直用了两三年，很好用，细腻，遮红血丝，联系大家多多购买
2856,正品比实体店划算
2857,很好，以后还会购买
2858,拿回来当晚就试了下，好用，效果好，早晚一片，给脸补补水，**物流又快，值得信赖。
2859,非常棒，量比大
2860,容易抹开，很滋润，已多次购买！很喜欢这款隔离霜！
2861,很不错的一款洗面奶买一赠一，给妹妹一个用着还可以护肤品一直用这个牌子的还不错??
2862,产品很好，快递很快，第二天就到了，速度惊人，
2863,不错！�好用了过几天在评价
2864,很好，抱着试试心态，用了效果很好，而且自然，下次还会来
2865,用着挺好的，还推荐给了朋友。
2866,挺舒服的，清洁能力强，按压式用起来方便，还会再买
2867,用了，很不错，活动的时候买的很划算
2868,是正品，包装的很好，很划算，等用完了再来，很满意的一次购物
2869,不错，细腻自然
2870,有点小～但是很好用  送的东西也很nice
2871,这款洁面乳很好用 洗好以后脸也不会紧绷 很舒服 而且买一送一很值
2872,水不错，很清爽
2873,挺好用的，物美价廉
2874,一直在用这款，效果不错的～
2875,活动，75折，不错。。。。。。。。。。。。
2876,宝贝挺好用的，非常满意，下次再来
2877,价格很好的时候入手的，一下子囤了3份，很棒了，留着慢慢用吧！
2878,用了好几年了，挺好的。
2879,试用了一下味道很好闻、皮肤显得光滑细腻。
2880,挺好用的，不遮眼睛
2881,隔离防晒一直都是用的这个牌子，个不错的，推荐大家使用哦！
2882,第一次在**上买东西，超快哦，面膜也不错，5星好评，用完还要买
2883,我去，这物流也太给力了吧，今下午买的，晚上就到了，一直用这牌子，真的值得信奈
2884,收到了哦！我很喜欢这个淡淡的香味，而且白的自然，超喜欢！用着好还会再买的！
2885,买了好多次了，卸妆效果很好，不油不粘，比较清爽型的。是我喜欢的款式。
2886,快递速度快，包装好，挺好。
2887,这气垫也太假了吧，才用两天感觉就没了
2888,好用，一直用的***这个牌子，值的信赖，你们也可以下手实用哦哦
2889,不错哦。速度很快，~。以后就买****的了。
2890,使用过两次感觉效果还不错，喜欢。
2891,是正品，还送了指甲油。
2892,起泡量属于少的那一种  咱也不知道洗干净没有 味道咱也不喜欢
2893,做活动买的，很好用，还会回购
2894,买了2套很划算
2895,价钱优惠，看着还不错，这次屯了不少，希望是正品
2896,好用。买一个送了2个，就是没有替换的粉扑。这个还要再买些，一个不够用
2897,物流挺快的，第二次购买了
2898,挺好用的，有淡淡的香味
2899,一个大大的快递盒，一阵欣喜，以为送了不少赠品，然而并没有，哈哈，下次就换个小盒子好嘛
2900,买过很多次了，本人油皮，黄一白，101色号还不是很白，和肤色差不多，下次换个更白的，用DW有点干，所以和这个混着用
2901,一直用***化妆品，面膜用过赠品，挺好，所以买来试试，太多了，不一一展示了
2902,非常好，很温和，比***那些好多了
2903,是正品，已经是第二次买了，质量很好，值得推荐。
2904,很好，味道香香的
2905,拆开还没用，看起来挺好的，还送了面膜，好用了下次还会买，**快递很赞
2906,第二次购买了，还不错
2907,一直用这款，赶上活动优惠屯起来吧?
2908,还可以，一直用这个，，，，，，，，，，，，，，，，，
2909,这个不太好，涂上去都是成块的，还没我在实体店买二十块的好
2910,好用，味好闻。
2911,快递太差劲了 来了都是破纸盒子
2912,很好用，这款的气味也很好闻，每天简单涂抹一些隔离霜，气色都会好很多
2913,现在开始水果都在**上购买了，方便又便宜
2914,好用，第二次购买
2915,还未使用，使用后才知道效果，只是拆了包装，瓶子看着不错哦
2916,看着还不错
2917,一直信赖的品牌，不错，很好用。
2918,很喜欢用这款面膜，个人比较喜欢这个味道，比较划算，。
2919,太小了，鼻子都遮不住，脸只能敷中间四周遮不到。
2920,***一直用，很好值得大家购买
2921,价格便宜实惠东西不错，正品下次再来，包装也好，有档次
2922,恒润乳特别好，每年都买，客服很有耐心
2923,以前用过又来回购了送货到门非常好
2924,精华很少，不到十分钟就干巴巴的了，用完脸上有面膜布掉下的**
2925,补水效果很好，面膜很服帖，好用下次会回购
2926,用完了才想起评论，补水效果特别好
2927,**就是快，上午买的下午就到了，这个面膜挺好用的，同事一直也是买的这款，好用。。。。
2928,双十一买，客服不合格
2929,非常好用，用后也很清爽，值得购买
2930,直播秒杀，划算
2931,一直就喜欢这个牌子的隔离霜，不错
2932,味道不是很喜欢，不过洗过之后不紧绷，清爽！
2933,物流速度太快了，晚上下单，第二天就到了，还没有开始使用，先用用看看效果，后面再来追评
2934,我头一次用这个牌子，用的挺好的，不是那种油腻腻的，洁肤很好，用好了下次还来买。
2935,今天收到，老婆拆开冼了一次很好，用完下次再来买，
2936,很好，很水润。
2937,非常棒，经常购买，好好好好好
2938,***CC霜 品质好 遮盖力好 还有礼品赠送哦???
2939,每天使用，提亮肤色效果好
2940,挺好，一直在**买，快，质量还有保障。。。。。。。。。。
2941,挺好的，用的还不错，**快递就是快，服务就是好，选择**没错，
2942,***推荐买的，用了一片还不错，可脸大不是我的错，希望有大号的?
2943,听服帖，自然，关键价格便宜
2944,为什么闻着酸酸的
2945,香香的，颜色正，喜欢
2946,还行，习惯了用这个牌子的产品
2947,东西挺好用的便宜实惠又好用
2948,试了一下，还挺不错用完再来
2949,不错不错，挺好的
2950,还未用，但是看起还挺好，等用了再来
2951,面膜非常不错。外观高大上，用起来也非常好。
2952,还是很不错的
2953,满意，和实体店的用着一样，还便宜，省钱，用完还会来买的
2954,第一次用，感觉蛮补水的
2955,清洁度比较好吧，***的洗颜霜确实是比较赞的
2956,很好用，已经是第二次购买了
2957,一般吧，没有感觉有多好用
2958,一直在使用的品牌、物流给力、**搞活动时很优惠
2959,效果还可以，保湿，送给家人的，满意
2960,挺好用的，很细，也白，并且滋润
2961,很好用，有过之后水水的，而且敏感肌也可以用，还很划算，喜欢
2962,还没有使用，先给好评吧，
2963,物流快，一直用的***，好评
2964,卸妆水是昨天到的，昨晚试了，感觉不错，挺实惠，挺好用的。
2965,不错，，比实体店便宜好多，还送了小礼物，，很开心，有二维码，正品
2966,一直信赖***，家里也一直用***的产品，这个还是比较信得过的，好评。
2967,很好用噢，比之前买的都好用，味道也不错，用这个牌子化妆品，也选择了这个，不错
2968,宝贝收到了，已经是老买主了，味道闻起还不错
2969,第二次买了。我觉得不错。很喜欢
2970,感受到了沉甸甸的重量 是我用过最大瓶的乳液 外观也很好看啊
2971,很好用，价格便宜，实惠款
2972,还行就感觉一瓶用完，比实体店买的用得比较快
2973,这包装也太&hellip
2974,***洗面奶收到了，是正品，已使用，洁面很干净，温和不刺激，很好用！
2975,不错的面膜啊，真心推荐给大家用了，以后效果挺好，补水美白效果都挺不错的
2976,还没用，应该不错
2977,收到宝贝，感觉还不错。买一送一，和舍友一人一个，棒棒哒。
2978,我的是敏感皮肤，用这款真的不会过敏，这款产品很温和，保湿，淡淡的香味，很喜欢。
2979,***这款人鱼公主的面膜，是我第二次购买了，属于物美价廉的那种，非常滋润，已经推荐给好友了。
2980,宝贝收到了，用了，还不错的
2981,一如既往的好，应该是正品，还会再次光顾的！
2982,宝贝已收到，质量很好，是正品，和卖家描述的一致，物流也很快。
2983,挺好的，是新款的包装，用着可以
2984,一直用这个。一如既往，和实体店一样！送了赠品！
2985,包装很旧😒😒
2986,用的不错，良心产品。
2987,东西收到了，正在用效果过段时间再说，看着还不错，旗舰店应该是真的东西，如果需要下次还会来。
2988,东西非常满意，非常非常喜欢。
2989,挺水润的，上脸很服帖
2990,已经使用可该面膜，很很用的
2991,情人节拍的 发来了3盒很划算哦而且效果不错，薄薄的 补水想着 用完了在来买  ??
2992,好用，补水效果很好，相信品牌的力量，而且是**配送
2993,还没开始用呢，先好评吧！
2994,物流很快，一直都是用的这个牌子，用着很舒服，很温和，不刺激，这次活动买一送一，好划算的????
2995,好用，比另一个系列好用
2996,很好用，用过的脸显得细致了很多
2997,还好吧，洗完感觉很干。再用用试试吧！
2998,东西好精致，还没开始用，就是感觉好小一瓶
2999,洗完后会有点滑滑的，感觉比较难清洗，肤质偏薄，用着还行
3000,补水还不错
3001,满满一大堆啊，好合算的，隔一天使用一个
3002,还是不错的。产品包装很好
3003,宝贝很好满意给五星哦！
3004,是正品，用着很舒服
3005,正宗隔离霜，水润皮肤，老婆用了更滋润
3006,我是混合性油皮，用着感觉脸可干
3007,下午收到，刚刚敷了一片，很滋润、挺好的，快递速度很快，快递员态度很好。
3008,很好用，而且很方便，都是用这个牌子的化妆品，不错呦。
3009,一直在用，都是在**上买的！很好，速度很快
3010,还好精华多昨天敷了一张棒棒哒
3011,这个用了真心不错，比我想象的要好一点，用完了还会够买，
3012,好很好非常好好得不得了！
3013,第二次购买，很超值，洗后不紧绷
3014,和实体店买的不一样，感觉像假的，脸用完起好多包
3015,用下来感觉蛮好的，以后会一直用
3016,用着不错，下次还会再买。
3017,可以，替换装不错哟
3018,面膜数量很多啊，可以用很长时间啦，真好，用了一片试试，感觉还不错
3019,东西收到了是正品，期待效果吧，一直信赖**
3020,使用效果：挺好的耶 面膜纸也不厚 服帖 喜欢喜欢喜欢
3021,一直相信天猫旗舰店，正品保证
3022,挺润的，至少不起干皮。
3023,一直信赖这个牌子，效果应该很不错，今晚试试，好用还会继续光顾，物流很给力，收到心情都特别开心?
3024,一直用这个隔离，挺好用的
3025,一直在用真的很不错的，敷完湿湿润润的肤色也亮亮的！
3026,卸妆效果特好！！棒棒哒！！值得信赖！！五星！！
3027,虽然是赠品给的，但是很好用  很滋润保湿  精华也很多
3028,好，不假白，包装完好，均匀肤色去除暗沉。
3029,宝贝很好用，用过后皮肤很细腻，毛孔也变小了。
3030,这是我用过卸妆力最差！！！的卸妆水，洗面奶都比它干净
3031,第一次购买，特意用了以后评价的，味道不错，用着不油腻，总之挺好用的
3032,搞活动买的，***老品牌了，物美价廉 一如既往的好
3033,超级划算哦 日常补水没问题了 隔天就用 还送了二十片 真的很划算呢
3034,不错，敏感肌肤可以用
3035,质量不错?一直在**商城
3036,很好，物流也很快，服务态度，很好。
3037,过年回家正好能用，但愿能够有美白的功效，使用有效果，我会来告诉大家。
3038,空气霜还没用，先用了送的大红瓶小样，果然是挺油腻的，偏油皮只好晚上用吧
3039,质地柔软细腻，吸收也挺快，后期看看美白效果！
3040,还不错吧挺补水的喜欢用这一款面膜
3041,看推荐购买，应该补水还可以
3042,很好用，很自然，看起来而且很滋润，用了之后觉得皮肤还是挺好的，挺细腻的。
3043,以前用面膜过敏不晓得这个牌子 用了会不会过敏，今天第一天用
3044,**物流真是神速，早上下单，下午就到了，晚上就可以用了，赞?
3045,老顾客，都好用
3046,这次领券搞活动屯点货，宝贝不错，就是物流太慢了。
3047,买了几次了，感觉这次的味道跟以前不一样
3048,很好用，挺补水的
3049,宝贝可以，客服态度极差。导购92客服
3050,还可以，送了两个同一款产品。
3051,还可以第二次购买了
3052,买过好几个了，很好用，敏感肌肤也没问题的
3053,挺好用的..遮瑕效果也很好..
3054,不是很好用，有点卡粉
3055,***的化妆品还是不错的，值得购买，性价比很高的活动就参加了！！！
3056,隔离霜，马上效果挺好的，今天第一次用很喜欢，特别是卸妆水很光滑不以前的那种没有你怎么不好用？
3057,特别好用，比较保湿，也能洗干净
3058,实惠，以前没用过，这次试试，看着袋子很漂亮。
3059,平时买产品赠送的卸妆液不错，现在也买来用了，不错！
3060,第二次购买了，觉得很好用，还送了很多赠品，超赞！
3061,感觉用着挺好，洗得干净，只是洗完脸稍微有点干。
3062,面膜保湿效果不错，价格合理，值得购买，一直用这个牌子的
3063,送了两个替换装，很惊喜
3064,没有赠品了
3065,货已收到了，物流服务好，质量很好
3066,一直用的***的面膜，很好用
3067,试了一下，挺好的，味道也还可以如果替换芯里面有气垫就好了
3068,试了一下挺好
3069,第一次用的时候成膜有点慢 第二次的直接水后用 效果完美 带有一定的润色效果 会回购
3070,粉质细 上妆轻薄透亮 紫色提亮肤色不夸张 物美价廉 会回购喜欢 要上加上防�就更好了方便一瓶搞定
3071,补水效果不错，价格也实惠，做活动还会买
3072,宝贝收到了，女儿可喜欢了，马上擦上看看，爱不释手
3073,买一发三，挺划算的，相信**，用完还来。
3074,还算是不错的，虽然有一点点干。但是对敏感肌来说这已经很好了！
3075,洗面奶挺温和的 老妈很喜欢呀
3076,收到后马上试用，用过之后很清爽
3077,宝贝已收到，还行吧
3078,特意等用了才来评价的，说实话一般，泡沫很少，洗了脸有点紧绷，不是很适合我
3079,**快递就是强大，第一次***的，用过之后再来评价
3080,隔离霜味道很好闻。是我喜欢的味道，就是挤出来的时候一直往外出，止不住
3081,收到了，感觉还行吧。效果不错，会再次光顾的。
3082,清洁能力：搞活动很实惠
3083,这种面膜曾经用过，感觉还不错。正好趁三八女王节在次入手了。献给节日的自己！节日快乐！
3084,一直都在用***的产品，之前都是在实体店买的，现在才发现在**买更方便而且价格便宜哦
3085,货已收到，之前在实体店买的新款的146，这次在网上买的老款的，领了优惠券以后111
3086,东西很不错，很熟服，水水的，味道也很好
3087,东西不错值得好评
3088,不错好帖
3089,用这个牌子有点时间了，感觉不错，所以继续，发货物流超快，还可以。
3090,气垫收到了，很服帖，皮肤亮亮的，送了两个替换装，买一送二，不错哦
3091,三八节搞活动，很合适，用过了之后感觉还不错！
3092,双十一物流居然也第二天到，必须点赞
3093,好用，适合我的皮肤，不刺激！
3094,这个面膜可以，价格也不算高，值得购买
3095,宝贝到了，还没试，不过包装很满意呢，虽然没送啥小礼品有点遗憾。
3096,买过两次了，很好用的，价格能接受，
3097,包装简陋 一点小样都没送
3098,以前也用过这个牌子的面膜，好用保湿！支持**送货迅速！
3099,这款应该是物美价廉的产品，赶上活动买还有赠品，涂上很细腻
3100,还行，挺实惠的
3101,紫色隔离还增白，还送了两瓶卸妆水，挺好的，下次还买
3102,今天拿了，打开看还送了一些试用装，味道很好闻，只是还没来及用，等用了再追评
3103,物流很快 包装得很漂亮  很满意  用起来一点也不起皮用完在回购
3104,太不靠谱了吧，刚收到货，就降价了，日期还半年就要过期了，说退货吧还要去出快递费??
3105,很舒服，特别水嫩
3106,还可以，用起来挺自然，就是少了点
3107,给妈妈买的，应该还不错的吧
3108,面膜不错，已经是二次回购了，感觉***的护肤套装也好用，
3109,很好，虽然没有活动，但也比商场便宜，希望多搞活动，以后得提前屯
3110,不错是正品值得购买！
3111,婆婆一直用这个牌子得，说比较好用，回购了好多次了
3112,假货名子都不一样，快要过期，一点遮瑕效果都没有，特别的干掉粉
3113,凑单买的，超级划算，家里常备品，多囤一些，物流也超级快，一如继往地支持**商品??????
3114,一直信赖***，化妆品面膜都是***，质量很好，价格便宜，发货很快呀。
3115,好用，下次还去你家买
3116,之前用过，很好，我是油性皮肤，洗完脸感觉很干净
3117,我很喜欢这款牙膏、用的时候也方便
3118,宝贝很快就收到了。自己一直用这款化妆品，帮朋友买的。好评！
3119,包装严实，物流快，很期待效果，用过再追评
3120,这个牌子第一次用，挺好用的。
3121,挺好吸收的，不油腻，很舒服，美白效果还没看出来
3122,用了一段时间才来评价，补水效果不错，很滋润不油腻也非常舒服，一天一张脸水水嫩嫩的
3123,之前用的挺好，现在回购，有需要的可以放心购买
3124,第一次尝试***这款隔离，还可以
3125,忠实粉，好用的不要不要的，双12又入手了很多，很开心，家里的一大堆了
3126,已经用了很多次了，温和不刺激，可以用很长时间，物超所值
3127,**真的是很方便呀，速度又快，东西也不错，超爱互联网时代，为我的生活减压啦。棒棒哒棒棒哒
3128,好大一瓶，看起来清爽爽的，挺好用的
3129,特别好用，活动价超好哦，期待更多活动
3130,气味重不好闻，持久度也不好，到中午脸色就蜡黄了
3131,我是第一次用这个牌子的，效果不错，也没有什么不良反应，下次还会光顾本店
3132,刚刚拿回来，以前没用过这个品牌，买一送一挺便宜，希望效果不要失望，今晚就用，用完在追评，
3133,东东很快，正品保证，下单多次，老客户了，好
3134,老顾客了，已经回购很多次了，产品很好，客服也很好
3135,老粉儿，继续支持
3136,一直用这款，挺好用的，送了两片面膜，两个小样卸妆水。
3137,东西很好，我喜欢这种香香的味道，感觉很滋润不干，种草种草? ? 而且变白了，适合我这种懒人
3138,非常好用的一款，会继续关注
3139,给妈妈买的，虽然本地仓没有，但是也是非常速度了，实体店实在是太贵了。
3140,好用，很水润，用了之后感觉变白了呀！也不过敏！！！！！！
3141,量不多 这么一小瓶。遮瑕是假 提亮肤色是真 使用后皮肤稍微干燥。不过物流挺快第二天到货的。
3142,很好用，一次性买了三包，补水效果特别棒
3143,东西很好啊，会回购的！推荐！
3144,收到了，一直都是用这个牌子，这里买的是正品
3145,一贯好评，还可以吧，就是气垫上的镜子不清楚
3146,回购多次的老用户了，非常满意，很好用
3147,很好用，清爽不油腻，价格还便宜
3148,回来了涂了一天觉得，不错，味道也很好闻
3149,很好，不错，买了好多，超补水
3150,包装完整没有破损卖家服务态度好有问必答，多次购买还会再来
3151,试用了一下，很清爽不油腻。
3152,面膜纸很薄，很舒服，水分吸收很快就干了，日常补水面膜使用挺好，很清爽！
3153,还好吧，朋友推荐
3154,是还可以的，趁着活动价买的，价格也很实惠！
3155,面膜面积太小！
3156,正品挺好的
3157,自然，好推开，很清爽，油性皮肤的福音
3158,物美价廉，多次购买，快速到达。
3159,已经是第二次回购了，精华很多，也很补水而且用了二次后我鼻子??上长的痘痘有消下去，皮肤也满水润的
3160,用来试了一下！感觉蛮轻薄的！用一段时间再说
3161,面膜很好用，保湿效果很好，第二次购买了
3162,包装挺精致，期待效果！
3163,卖家发货速度快的，质量好，价格便宜
3164,第一次购买此品牌产品，这个面膜感觉还行吧
3165,好用很喜欢！补水效果特别好！活动特别合算
3166,非常好用，滋润保湿，不卡粉
3167,第二次买了，清洗得干净且脸没有紧绷感
3168,颜色选错了，懒得换了，用着还可以！最主要的是太合适了！
3169,商品很满意！很喜欢！价格不贵！快递很快
3170,宝贝不错，还可以，好好好好好，宝贝不错，还可以，好好好好好宝贝不错，还可以，好好好好好
3171,不错，味道一样
3172,一直都用这个牌子。好用
3173,还可以啊补水
3174,好的很，孩子很喜欢用，很滋养皮肤，晚上来一个，美美哒
3175,挺好用的  很温和
3176,面膜不错。老妈用着感觉很好
3177,一直用这个牌子，送货飞快，还送了好多片，真是意外惊喜！
3178,宝贝收到了，只是这包装，确实够随意的，还没用，用后追评
3179,滋润，不油腻，味道也喜欢
3180,好用，一直在用，第一次在**买，包装严实，**物流太棒了，刚好用完，物流快一天到货特别救急?
3181,宝贝收到，很好用，还会购买
3182,买两盒送一盒还不错哦，一直用这款面膜。
3183,成分很安全的一款面膜，对香精敏感的美眉慎入，作为日常补水款足够了。
3184,贴上很舒服，好多水，感觉挺好用的，没有过敏现象，这个价值了
3185,买过多次***的东西，用起来还不错
3186,给妈妈买的，妈妈说量有点少不过好用
3187,一直在用的宝贝，不比大牌差 反正特别好用
3188,这个洗面奶还真不错，洗完脸不紧绷关键是品牌价格亲民啊
3189,是正品好用  很细腻  很自然
3190,回来拆开包装就迫不及待的使用了一下，效果不错，挺好用的。
3191,第一次买这个，还送了卸妆水和面膜，蛮不错的，希望有效果，下次还会来
3192,刚送来就迫不及待的试用了一下，效果不错
3193,还可以，挺漂亮的，用了之后再追评
3194,不敢相信这么便宜的面膜一点不比八块十块的差。面膜纸丝薄服帖我很喜欢，补水用也不会心疼。回回购
3195,不好用差死了
3196,是正品，我是敏感肌不适合用乳状产品的皮肤，所以用了觉得会起脂肪粒，其他的都很好
3197,东西还不错！速度很快！买来送人的希望能有礼品袋
3198,面膜很好用，超水润补水保湿，很好
3199,卸妆很干净，也不刺激，用完了还会再买
3200,还行吧！还挺香的，希望下次我买了不要降价
3201,活动价69元两盒入手，超级服帖，补水效果很好，很喜欢
3202,发货速度和配送服务还是一流的
3203,一直用的***，感觉还好，不黏不腻。便宜实惠又好洗
3204,用着不错，不油腻，有赠品。喜欢！
3205,非常喜欢，送的礼物也好
3206,闻着味道和专柜的差不多
3207,一般般
3208,这个不值得买，有问题不极时解决，过敏体质不要买，我就过敏了，和他说一值没有反应，只看信息不解决问题
3209,清洁能力：弱 清洗了之后就和没洗一样，洗面奶很稀没有什么质感。
3210,收到了，还没用呢～第一次买，应该挺好的～ 快递也很快哦～有需要还会来买的～
3211,用起特别滋润，提亮肤色的效果非常不错，不油腻！个人感觉不错！
3212,宝贝很好很喜欢质量真心不错满意值得购买
3213,针对脸部各种各样的问题的面膜都有 超喜欢
3214,还没用，第一次买这个牌子的，希望不会让我失望，主要是挺实惠的
3215,挺超值的，补水效果不错，还会来买。
3216,一直都用这款，很好
3217,一直用***，感觉不错，这次又买了一大堆，囤货！
3218,昨晚打开用的，用着辣脸啊，今早起来一脸的红疙瘩，还痒，怀疑不是正品啊
3219,不错哦，物美价廉，值得购买。
3220,跟水乳一起买的，很保湿啊，物美价廉，不错的
3221,还没用，看着不错，送了两个替换装，棒棒哒
3222,还不错 不干
3223,凑单买的面膜，很好用，买给妈妈的
3224,感觉还行哦！
3225,***，大品牌值得信赖，皮肤亮白！服务周到！
3226,之前也有买过，这是并不是第一次购买，应该是之前一样吧，价格挺优惠的
3227,物流很快，包装不错，第一次使用这个牌子，期待&hellip
3228,感觉还可以，唯一的遗憾就是面膜放了香精，希望***官方能把香精去掉就完美了
3229,这面膜还挺好用的，连续用了两片补水棒棒的，最主要的是蚕丝面料，轻薄透气。
