Categories,new_text
价格,属于物美价廉的那种，
气味,味道闻着不错，
包装,这款包装比较好携带
整体,还不错的样子，
物流,**物流超快服务到家，
成分,精华也很多，
整体,挺好用的不错，
使用体验,没想到那么辣眼睛，
使用体验,卸妆水好清爽不刺激，
气味,就是刚开始的味道不喜欢
使用体验,气味甜美，
功效,很自然，
功效,特别滋润和美白，
功效,就是这个色号比我稍微暗一点，
使用体验,用了不会过敏，
功效,掉妆比较慢持妆效果不错
包装,包装也不好，
整体,很好喜欢
整体,很适合我的皮肤使用感觉到不错，
气味,没有异味，
功效,清洁能力：感觉还行，
使用体验,挺好吸收的，
使用体验,昨天收到类今天早上用了一下特别湿润
其他,份量还蛮多的，
其他,质量还不错，
物流,很快收到不错！
整体,面膜挺好的，
气味,希望味道别太香
使用体验,干死了。
使用体验,吸收情况：吸收挺好的 
功效,收到货了物流特别快隔离特别好
功效,用了白白的，
使用体验,细腻不油腻 
功效,都卸不掉，
价格,很划算。
使用体验,挺薄的，
整体,品质一如既往的好，
使用体验,很清爽，
物流,快递师傅态度也很多，
整体,一直用挺不错
气味,有两个替换装味道香，
整体,非常好用的一款，
价格,价格实惠基础补水护肤很适合，
整体,质量不错！
使用体验,吸收挺好的，
整体,感觉很好，
功效,遮瑕不适合，
价格,价格不贵！
气味,味道清凉不油腻，
包装,包装也非常好 
使用体验,很好推开，
使用体验,很轻薄。
使用体验,清爽度：一直在用，
功效,补水效果非常不错！
功效,遮瑕效果挺好，
整体,试了一下感觉不错哦。
整体,这个蛮好用的，
气味,味道也是很不错，
价格,还送了赠品，
整体,东西很一般
价格,赠品很多，
整体,用着一般般
使用体验,没有过敏不适的反应
整体,看着还挺多的头天晚上买的第二天就到了就差明天使用效果了
价格,赠品很好，
服务,开票也快！
使用体验,至少不起干皮。
物流,物流也快！
使用体验,不好用。
整体,感觉还可以
物流,快递小哥直接送货到家
物流,物流给了，
使用体验,贴装，
整体,反馈效果说很不错
整体,真的挺好的，
整体,很不错
整体,很喜欢的，
整体,品质很好。
整体,非常非常好用啊 
使用体验,湿润
整体,效果挺好的，
包装,送货速度快包装很好
整体,面膜不错很好！
整体,看着还可以，
功效,而且白的自然，
整体,只有这款卸妆水很好用，
功效,没有介绍的那么遮盖红血丝，
气味,个人比较喜欢这个味道，
整体,很满意！
整体,隔离还是挺好用的，
功效,不是那么白，
整体,可以香味也可以
整体,非常差，
整体,个不错的，
物流,快递真的快
价格,跟我在柜台买的一样但是比柜台要便宜很多，
使用体验,清爽！
整体,她很喜欢
价格,网上便宜很多
使用体验,只是洗完脸稍微有点干。
物流,支持**送货迅速！
整体,很好媳妇很满意
功效,很自然显肤色
整体,面膜挺好的
价格,价格不贵，
功效,这款面膜保湿效果真的不错哦！
包装,这包装也太&hellip
使用体验,用起来很水润不浮粉 
整体,不好用，
使用体验,所以用了觉得会起脂肪粒，
整体,非常喜欢喜欢，
价格,你这挺好用的还挺实惠，
整体,可以 
物流,快递小哥一如即往的好服务，
整体,好像还可以
功效,也不是那种特别厚重的百，
包装,只是这包装，
成分,面膜精华多
包装,包装太次。
使用体验,用着辣脸啊，
整体,我个人不太喜欢，
整体,很喜欢是我想要的
整体,不错跟外面买的一样的
价格,活动很划算，
物流,快递服务态度好。
物流,速度一如既往的快。
使用体验,挺好用的不油很清爽，
整体,可以的一直都是用***
其他,又方便！
整体,感觉还好。
整体,挺适合自己的。
整体,不太好不太好，
其他,量比大
整体,感觉还行 
使用体验,吸收还好
服务,特别不愉快。
功效,保湿效果棒棒哒，
价格,划算！
整体,我很喜欢这款牙膏、用的时候也方便
整体,不好用 
功效,补水不错！
整体,很好用。
使用体验,但是我买回来用了以后觉得有些卡粉，
其他,里面的东西好少，
整体,赞！
整体,宝贝物美价廉非常好虽然还没用，
物流,我觉得有点坑的不能改地址 
物流,**速度快。
成分,精华液也很多
价格,活动购买的，
使用体验,持久度也还行吧，
物流,补水**快递真的很快，
功效,日常补水没问题了 
整体,五分好评。
功效,擦在脸上不泛白，
整体,用的一直挺好的，
使用体验,清爽不刺激。
价格,活动特别合算
功效,上次买了一支清洗的很干净，
价格,价钱比平时要低得多，
整体,感觉还不错啊，
功效,保湿效果：挺可以。
整体,挺好用，
使用体验,很舒服
服务,服务态度员太差劲一点都不尊重别人
物流,快，
使用体验,很水嫩还会购买
功效,只是稍微有点提亮。
使用体验,洗完后会有点滑滑的，
物流,快
物流,包装好物流快给力
气味,好刺鼻啊，
功效,看起来也蛮自然的。
整体,挺不错的，
价格,刚好遇到活动价，
使用体验,大气上档次，
包装,水漏了一袋子
物流,物流配送非常快，
气味,味道也喜欢。
真伪,应该是正品吧，
功效,脸也显得有光泽，
整体,效果还不错，
真伪,应该是正品吧！
整体,真的好用，
整体,应该还不错的吧
整体,一贯好评，
使用体验,妆容超级服帖，
价格,虽然是赠品给的，
使用体验,挺温和的，
使用体验,色泽唯美，
功效,很自然的一款。
功效,确实很补水～
整体,好用实惠
使用体验,但用着有点油
其他,分量足，
整体,宝贝很好用，
整体,这款面膜很好用不油腻感觉也好
整体,产品非常好，
功效,遮暇功能差一些，
真伪,不错是正品，
功效,还是有点白。
使用体验,洗面奶泡沫不多，
其他,量多～～～能用好久～～～
使用体验,也不卡粉
使用体验,脸不油，
物流,发货速度非常快，
使用体验,用着不错，
功效,稍微白了一点点 
整体,商品很满意！
整体,我觉得比***的好用
整体,挺好。
使用体验,轻薄，
物流,**送货就是快！
使用体验,用完皮肤很润，
气味,闻着味道和专柜的差不多
整体,别的还好
功效,滋润及保湿：保湿感觉差一些，
价格,趁活动囤的 
整体,东西也不错，
整体,简直就是个垃圾，
整体,其他的都很好
整体,东西非常满意，
其他,量很足，
气味,就是有点香。
使用体验,用起来也特别服帖自然，
功效,用了以后感觉保湿效果还是很不错的，
使用体验,用着很舒服！
功效,白皙水嫩擦后脸上没有干粉。
物流,快递超快的，
功效,有保湿效果
使用体验,脸上比较滋润，
功效,已经用了补水效果不错，
整体,一如既往的喜欢这款，
物流,当天收到货了快递很给力。
使用体验,水水润润，
整体,太好用了，
物流,快递还没有收到，
价格,挺划算的，
功效,遮瑕效果好
价格,价格还可以，
使用体验,根本不好晕开 
整体,超喜欢的、用了很自然美美哒
整体,浪费钱，
服务,卖家好有爱，
功效,轻薄也很提肤色。
使用体验,滋润，
使用体验,就是有点油亮油亮的。
整体,还可以啦，
整体,总的来说还行吧！
功效,特别好用补水效果杠杠滴！
包装,很讨厌有一片面膜破了，
价格,实惠好用喜欢的
物流,包装完好时间也快
使用体验,易推开!而且价格也实惠!会回购的!
物流,发货很快呀。
整体,挺好的。
气味,味道也很好闻，
使用体验,用完不紧绷！
整体,还不错吧
整体,挺好的
使用体验,洗面奶挺温和的 
物流,**购物～～～方便～～～快～～～
整体,用着可以
真伪,~扫出来是正品。
使用体验,精华比较水润适合夏天使用，
气味,很喜欢味道也还好 
使用体验,不刺激皮肤 
使用体验,不油不粘，
整体,洗面奶不错，
功效,这款气垫遮暇效果还不错，
使用体验,滋润不干，
整体,很喜欢，
包装,但是外包装好像有拆了的痕迹，
使用体验,用后皮肤光光的
整体,很好用的一款隔离霜
使用体验,对我来说泡沫过于多了，
整体,这款乳液个人觉得挺好的，
整体,效果不错是正品！
价格,三八节搞活动，
使用体验,洗完脸不会很干！
使用体验,不过敏?
使用体验,个人觉得用后虽然没有紧绷感，
物流,物流速度有点慢，
物流,物流超快，
整体,润润的棒棒哒！
气味,味道很喜欢，
整体,东西收到了很好，
使用体验,容易吸收，
价格,毕竟价格合理
整体,其他的都还好
使用体验,清洁能力：泡沫很多，
整体,宝贝收到了很喜欢经济又实惠好评打赏
包装,好几百的东西包装好差像地滩货，
整体,强力推荐的面膜，
气味,味道很清新自然
价格,现在才发现在**买更方便而且价格便宜哦
使用体验,不油不腻
使用体验,洗了脸过敏，
整体,感觉还行哦！
功效,面膜轻薄补水。
使用体验,个人情况：东西很棒买了两只泡沫挺多的味道有点香推荐入手
整体,挺不错的 
使用体验,用了后脸部无紧绷感，
整体,不错哦?
整体,喜欢，
物流,快递员态度很好。
物流,物流快
使用体验,很水润
整体,效果非常好，
整体,一直使用***人鱼面膜挺好的。
功效,保湿效果一般
使用体验,面膜很服帖，
气味,还挺香的，
使用体验,用完皮肤滑滑的嫩嫩的
使用体验,用后有点清凉的感觉，
整体,看起来挺好的，
包装,粉扑设计的非常棒，
包装,就是包装太简便了吧，
真伪,希望是正品！
整体,我一直用这个很好
整体,点赞
价格,有赠品。
使用体验,清爽补水棒棒哒
真伪,感觉像假的，
价格,做活动买的很划来。
使用体验,有点黏
整体,商品好，
物流,快递师傅辛苦了啊。
使用体验,特别水润的哦～
整体,看起来不错的样子，
物流,到货速度很快，
物流,**快！
其他,我很喜欢这款牙膏、用的时候也方便
整体,整体描述：总体来说还不错！
气味,有点胶味
价格,卸妆还不错?赠品也是一样的还有卸妆棉?
整体,值得推荐好评
包装,外观看上去做工粗糙，
服务,还说都是保质期三四年呢客服态度敷衍了事
价格,不过这打五折也太便宜了吧
价格,实惠款
包装,快递和服务都好评
使用体验,不紧崩，
整体,不错?????????????????????????????
尺寸,面膜面积太小！
价格,价格优惠。
整体,不好，
包装,包装的很好，
使用体验,包装很大气用着很服帖 
功效,隔离效果不错
物流,面膜效果非常不错**发货也非常给力 
包装,就是包装也太差了吧，
物流,我要投诉快递员，
使用体验,用后皮肤滋润。
整体,很棒很服帖不会浮粉，
整体,看着包装和实体店的一样，
价格,发来了3盒很划算哦而且效果不错，
整体,一般般啦，
整体,太好了！
使用体验,洗完后真的一点也不紧绷，
使用体验,不过敏。
整体,使用了绿瓶好用，
功效,用着很细腻自然。
整体,真的是巨好用 
整体,赞赞赞赞赞！
整体,满意
整体,真心不错，
整体,先好评吧，
使用体验,这个用了主要是不过敏，
使用体验,温和的，
使用体验,擦上很服帖，
整体,很好用保湿效果不错
功效,泡沫不多但是清洁力跟强，
价格,赠品很好很实在
整体,质量不错?一直在**商城
包装,整体描述：包装很紧密 
功效,持久度四星，
使用体验,质地柔软均匀，
整体,看起来不错
功效,淡妆卸得干净，
价格,做活动的时候下手的，
使用体验,敷完吸收很快
物流,不错就是快就是快快快的
整体,这个隔离霜用着挺好的 
使用体验,质地柔软细腻，
气味,挺好闻的，
物流,发货速度快宝贝是正品，
整体,***产品挺不错的，
整体,还行吧
使用体验,很细腻白的不浮夸，
气味,气味甜美，
使用体验,洗完之后脸不紧绷，
功效,滋润及保湿：�保思个啦
整体,看着不错
整体,喜欢喜欢。
价格,心里觉得不爽。
物流,发货飞快，
功效,很接近肤色，
功效,每天一片效果还是不错的
价格,价格很实惠**很给力，
价格,又划算，
整体,很好的，
使用体验,敷完脸嫩嫩的，
整体,比预想的好很多，
使用体验,干净不紧绷。
包装,包装也太丑了。
功效,我觉得卸妆也挺好的，
使用体验,不卡粉，
功效,搞活动的时候买的挺便宜的用过后才来评价补水效果很好
整体,挺好用的..遮瑕效果也很好..
使用体验,第一次用起来感觉吸收不是很好，
其他,量挺多的。
包装,但是包装很喜欢呀
功效,很衬肤色，
整体,每天一片效果还是不错的
整体,很滋润、挺好的，
功效,敷完湿湿润润的肤色也亮亮的！
价格,性价比高
整体,最主要的是太合适了！
气味,酒精味道比较浓郁
整体,还行吧！
真伪,试用了一下就是有点黏黏的不知道是不是正品。
整体,不错不错，
价格,挺超值的，
功效,而且挺上色，
功效,卸的也干净
包装,就是没有礼盒包装，
整体,感觉被骗了！
其他,量大耐用。
整体,超赞
价格,一如既往的好～感谢店家送的礼品。
整体,这个面膜是我用的最好用的一个，
真伪,绝对正品，
功效,上妆效果：上妆效果一般咯 
尺寸,还可以，
服务,小海葵服务非常好
物流,物流也特别快给满分
气味,略带香味，
物流,物流很给力哦！
价格,价钱实惠，
整体,这个不太好，
物流,就是物流运输时把瓶盖给弄碎了
价格,超值，
使用体验,好看方便使用，
整体,特别好用清爽不油腻
物流,快递小哥送货速度快，
整体,非常好用的一款面膜，
价格,买的值，
整体,说很好
价格,价格是平民价，
功效,这款卸妆水卸的很干净，
包装,包装太随便了，
使用体验,这款洗面奶感觉泡沫有点多，
整体,感觉还好
气味,有点香味，
真伪,已扫码验证是正品
整体,东西质量不错，
功效,持久情况：上妆后很持久，
包装,包装完整，
功效,补水效果很不错，
整体,效果挺好，
价格,这个价格买到，
整体,很喜欢
使用体验,不油腻
价格,非常的实惠，
整体,这个品牌还是不错的，
使用体验,很棒很服帖不会浮粉，
使用体验,不卡粉
整体,物有所值，
气味,使用后好清淡的香味，
物流,送货挺快，
功效,一点遮瑕效果都没有，
使用体验,挺温和的
整体,效果不错哦！
功效,洗了还比较干净，
整体,挺好的!用完再购！
整体,很好，
气味,香香的挺好闻的。
使用体验,也很好推开，
整体,很方便。
使用体验,很水润！
整体,就是这样的感觉可以吧的
整体,试用了一下挺好用的，
使用体验,服贴不卡粉，
使用体验,粉质细 
整体,一点不好用跟二十块钱的产品没什么区别，
功效,遮瑕效果也特别好，
价格,价廉物美。
整体,婆婆说很不错，
整体,卖家又给多发了一瓶好评
功效,补水不错，
使用体验,用的时候不沙眼睛，
价格,感谢卖家送的礼物，
使用体验,洗的干净不干燥!
功效,补水效果特别好
功效,用着还行很保湿
服务,客服不合格
整体,还可以！
功效,很保湿啊，
功效,很好卸妆，
整体,这个真的好用
包装,看上去很大气。
服务,就是客服回复太慢了
整体,抖音种草总体来说还不错，
功效,清洁干净，
服务,效率服务都很满意，
成分,精华液也不多，
物流,运货速度也非常快非常满意
价格,也不算太贵，
功效,很划算东西很保湿补水棒棒美美哒
包装,包装很满意，
整体,不错就是快就是快快快的
整体,查了是正品！
使用体验,还痒，
使用体验,一点也不刺激，
价格,好用实惠
使用体验,用了皮肤好干
整体,效果也超级好。
使用体验,可是有点点过敏
功效,用了这么多面膜.还是觉得这个好用.超级补水保湿
整体,先好评
真伪,挺好用的是正品
整体,用着挺不错的，
包装,不管是从包装还是效果！
整体,非常好用很好
价格,性价比算高，
服务,卖家送的礼品超级喜欢 
整体,我很满意，
物流,**的服务跟物流一样棒哦
功效,自然
整体,比我想象的要好一点，
包装,上档次
价格,比平常买便宜了很多，
整体,东西很好就是有点啃爹我买了第二天就降价，
气味,有种淡淡的清香，
气味,问道也可以，
真伪,都是正品，
气味,味道也刺鼻，
整体,觉得很好用，
包装,好大一瓶发的是新包装。
使用体验,面膜也很服帖，
物流,物流也很快，
整体,不错.比在超市和店里买划算.卖家和快递服务都不错给五星好评
整体,给个五星好评吧。
整体,这个面膜挺好用的，
整体,用着还不错，
整体,老婆喜欢，
价格,买一送一价格非常合适，
包装,包装简陋，
包装,这个色号颜色偏深，
整体,一直用感觉不错所以买霜试试
服务,找客服马上补发了一瓶，
价格,双十一很划算，
功效,不是特别显白，
整体,比我想象中的效果要好很多
整体,好好好
使用体验,很贴合肤色，
整体,"新包装的和玻璃瓶的都差不多感觉、一直用***的隔离霜,平价好用"
物流,送货速度很快，
整体,效果不错?
整体,超好用的面膜
功效,这款面膜补水不错，
整体,打开东西很不错，
价格,还很划算，
价格,特划算，
整体,媳妇说了挺好用的，
功效,卸妆不是太干净，
整体,这个很好用，
使用体验,不怎么起泡沫，
使用体验,洗面奶很清爽，
功效,用量少洗的干净。
使用体验,没有过敏的情况，
整体,媳妇非常喜欢
整体,比较满意啊，
使用体验,稍有些粘腻
包装,包装很到位，
服务,联系客服没有人理会，
使用体验,很薄，
功效,保湿补水效果不错
使用体验,按压设计很有新意很方便。
价格,靠谱实在的赠品！
使用体验,贴合度：很好很满意。
使用体验,特别温和，
整体,不好用不滋润
服务,态度很好，
包装,首先包装非常，
功效,干净
功效,效果不错！
价格,送了礼物很好
整体,用着还可以。
气味,气味重不好闻，
整体,不开心
尺寸,厚度适中，
使用体验,挺细腻的。
使用体验,这款隔离挺轻薄的，
物流,收到货了物流特别快隔离特别好
整体,我干皮用着很不错
整体,挺好！
整体,看着不错和以前买的一样还没用快递小哥很给力服务很好
价格,价廉物美！
功效,持久情况：很好 
其他,量也多，
物流,物流也很快！
物流,物流配送中心很快，
整体,物有所值
使用体验,感觉很服贴自然，
使用体验,滋润度对她来说正好，
使用体验,泡沫丰富度：一般。
整体,看着不错??
气味,味道还好，
功效,美白又遮瑕，
整体,面膜面膜可以，
整体,方便快捷不错不错，
价格,就是便宜
功效,保湿效果好，
整体,喜欢**，
使用体验,不卡粉。
整体,不错值得购买 
使用体验,很润，
使用体验,吸收也挺快，
气味,味道也不是很好 
尺寸,太小了，
使用体验,皮肤很滑，
气味,就是味道不如那个好闻，
使用体验,很服帖，
物流,快递给力，
整体,看评论说还不错，
整体,效果好，
整体,这个用着不错哦，
新鲜度,快要过期，
整体,不错的！
服务,就是我贴了脸过敏但**售后不错?退还给我了
包装,面膜颜值很高，
价格,活动价格真的很实惠，
使用体验,也不紧绷，
整体,试了一下挺好
气味,味道非常喜欢，
功效,试用后挺细腻的能够很好的提亮肤色。
使用体验,还比较好涂开，
整体,真的挺好用的，
价格,给了160ml的赠品卸妆水，
使用体验,洗完脸也不紧绷
价格,"新包装的和玻璃瓶的都差不多感觉、一直用***的隔离霜,平价好用"
整体,棒棒哒！
使用体验,挺滋润补水的，
功效,遮瑕效果很好。
整体,东西收到了面膜非常不错
整体,很满意 
使用体验,特别舒服。
价格,好划算
包装,整体描述：包装完好，
包装,现在是新包装，
使用体验,很滋润、挺好的，
功效,清洁能力：洗不干净，
整体,好用划算
使用体验,清洁能力：洗挺干净又挺保湿不干燥
功效,颜色也自然
使用体验,不油、商品降价、活动 
整体,非常好用
物流,快递也快，
整体,还可以吧 
整体,妈妈很喜欢
价格,这款有点小贵。
使用体验,个人情况：太干了 
使用体验,上妆超级差，
价格,双12价格确实划算又有赠品
使用体验,挺干的，
包装,包装也挺好看的，
物流,快递员很好，
价格,这次活动价格并没有便宜很多
包装,包装好物流快给力
整体,非常失望，
整体,这款面膜用着挺好的，
价格,就是看着价位合适，
成分,感觉特别好用精华很多，
功效,虽然没有美白，
使用体验,质地好推开，
整体,面膜很不错，
价格,很划算的一次购物哦，
价格,价格很便宜！
使用体验,用后脸水润润的，
价格,正品比实体店划算
整体,好用不卡粉，
整体,很不错。
使用体验,用着不油腻，
整体,继续支持
包装,礼盒很精美，
整体,还比较合适他
使用体验,比较服帖
整体,面膜挺好用的，
整体,挺喜欢的大家放心购买。
物流,**的物流速度令人敬佩，
功效,很亮，
整体,效果很不错哦！
整体,我打劫了一个碎瓶瓶很好用的图片是偷别人的，
服务,点名一下客服海流
服务,**的服务跟物流棒棒哒
整体,真喜欢。
功效,上妆很快，
气味,粉底有香味我不太喜欢有香味的怕熏到对象
整体,真的挺好。
功效,用着效果挺不错。
价格,送了礼品。
整体,气垫霜还不错，
价格,好用不贵
价格,这个倒是很划算
气味,感觉有点味道呢，
整体,总得来说还是可以的
整体,效果不好，
价格,价格便宜量又足，
真伪,感觉像正品
价格,很惊喜
真伪,这个不知道真假咯，
整体,好用保湿！
物流,很好用、买一送一超级划算、**物流超快！
整体,试用了挺好用的，
整体,不过应该还可以吧
使用体验,用DW有点干，
物流,快递小哥也很给力，
功效,买的101象牙色有点白了 
整体,我买的怎么不好用，
功效,补水效果非常好！
整体,给个赞！
使用体验,感觉有一点厚重。
物流,物流给力！
物流,物流也很快&hellip
物流,物流非常快，
整体,这款洗面奶很好用，
整体,气垫还不错，
功效,美白效果不是太明显，
价格,活动价太棒了。
整体,适合自己最重要
真伪,应该是假的，
价格,价格很实惠，
使用体验,特别好用清爽不油腻
整体,还不错 
物流,物流速度倒是挺快的。
整体,使用还可以，
服务,服务态度很好！
整体,买了好几次了喜欢
整体,给个好评???
价格,经济实惠
包装,瓶子看着不错哦
整体,真心不好用，
功效,擦在脸上很自然，
整体,用的挺好的，
服务,客服也很好问什么答什么
功效,补水效果好，
价格,宝贝收到了很喜欢经济又实惠好评打赏
物流,?速度好快呀，
整体,一般般吧！
整体,应该是很好，
整体,用起来还不错
使用体验,面膜纸是薄透的，
整体,一直都用的***，
整体,好评哦！
物流,但很快就到了i
整体,用着很不错。
整体,还行就感觉一瓶用完，
功效,持久情况：还可以，
成分,面膜精华液量非常足，
服务,服务也非常好，
物流,又便宜又快。
使用体验,不油不闷痘。
价格,主要是活动的时候下单的，
功效,防晒效果怎么样一时真看不出来，
整体,非常满意
包装,外观很喜欢，
功效,自然，
功效,遮暇还可以，
功效,不假白亮肤滋润，
物流,物流也很快
整体,应该可以，
服务,快递小哥很给力！
服务,卖家服务好，
整体,之前买过一次用的挺好的，
功效,均匀提亮肤质的效果还是蛮好的。
功效,补水效果很好，
功效,美白，
使用体验,洗了脸不会紧绷，
价格,还送了一盒赠品。
功效,上妆效果：一般 
整体,老婆喜欢。
使用体验,用起来也方便
整体,非常好的 
整体,还可以。
整体,一如既往的好 
其他,主要是性价比比较高，
整体,俩口觉得很好的，
整体,乳液也很适合我，
使用体验,很舒服，
整体,而且不是很好用，
成分,我先用裙带藻的精华液很好，
价格,实在是太划算了。
使用体验,个人感觉抹上有点油，
整体,挺喜欢的品质，
功效,用起来也特别服帖自然，
价格,完全可以用物美价廉四个字形容，
价格,物美价廉 
功效,补水效果还可以 
物流,质量很好且送货速度快！
整体,好用！
使用体验,容易抹开，
服务,很好的卖家，
功效,保湿不好，
功效,补水效果杠杠滴。
物流,态度很好。
价格,买了三瓶送了好几样赠品，
使用体验,还是紧绷
使用体验,好推开。
物流,快递员很细心
整体,效果也不错，
使用体验,吸收也很快
价格,"还不错,在实体店看过了,**相对便宜很多,果断购买."
使用体验,没有刺激感
包装,包装不错，
物流,**快递更是没得说
使用体验,温和不刺激，
使用体验,主要不卡粉
价格,性价比很高
价格,又便宜又快。
使用体验,而且很清爽，
使用体验,但是刚开始的时候是有点干，
使用体验,用着舒服，
物流,**买东西速度快 
物流,物流特别特别给力，
价格,网购比较优惠了，
功效,补水保湿效果好，
功效,很保湿的，
使用体验,感觉泡沫不太好洗掉
功效,补水渗透性很强
整体,这个洗面奶还真不错，
使用体验,不然脸会干的脱皮
使用体验,还不错不过有点薄
功效,比较保湿！
使用体验,超级服帖，
价格,但个人感觉还是**便宜～～
成分,没有多少面膜液，
价格,双12活动买的，
整体,应该差不多，
整体,看着还不错，
功效,补水真的可以，
包装,看包装不错，
整体,非常喜欢，
物流,物流很快
价格,划算
气味,气味优雅，
物流,物流很快啊，
整体,看起来还不错，
其他,量也大，
功效,服帖保湿，
使用体验,用完脸润润的
使用体验,泡沫细腻，
功效,后期看看美白效果！
整体,她说还不错，
功效,遮瑕不是太好
整体,还是很不错的
整体,觉得挺好用的，
气味,味道清香，
物流,而且是**快递小哥亲自送到家门口来的，
使用体验,而且不伤皮肤，
功效,提亮肤色！
气味,第三次购买了?????特喜欢这种香味
整体,妈妈说好用
使用体验,挺水润的。
整体,***的化妆品还是不错的，
使用体验,很温和
价格,做活动买的，
气味,味道也挺清淡的，
气味,洗脸很香，
服务,服务不好还叫我发5颗星
整体,非常好的一款产品，
价格,价格也实惠
使用体验,没什么过敏，
使用体验,很润。
功效,而且自然，
使用体验,很贴肤，
使用体验,洗完脸之后有点滑 
功效,自然白，
整体,超级满意
物流,物流速度很快。
整体,不过送了一付面膜效果不错，
功效,清洁效果很好，
整体,比较满意。
价格,价格亲民，
价格,媳妇说挺实惠，
功效,洗的挺干净的
使用体验,不过质地很温和，
功效,保湿效果挺好，
价格,活动的时候买的，
物流,"价格实惠,物流很快,一直信赖**"
整体,特别好 
使用体验,感觉很水润 
包装,包装真心不错 
整体,个人觉得挺好用。
使用体验,试用了一下味道很好闻、皮肤显得光滑细腻。
整体,好的很，
整体,试试效果还可以
整体,很赞很喜欢，
包装,其中有一片包装坏了，
使用体验,这款泡沫少但清洗很干净，
整体,隔离试了一下很好
物流,谢谢快递小哥！
功效,自然！
价格,好用又实惠。
整体,很不错的一款洗面奶买一赠一，
整体,不错的
功效,滋润及保湿：挺滋润的
整体,还可以吧就是涂在脸上有些干
整体,都不敢用了，
服务,服务杠杠的
整体,挺漂亮的，
整体,搞活动买的第20条也不错的
功效,补水保湿效果特别好。
使用体验,不过用完脸上长痘，
功效,这款泡沫少但清洗很干净，
物流,不过到的也挺快
价格,这次趁着活动买来试试跟之前的一样不。
真伪,是正品
功效,卸妆也很干净，
整体,一直信赖
整体,东西一如既往的好用、一直支持***
真伪,假的吧，
整体,比较一下还是比较满意，
整体,不错不错挺好的
气味,好闻
功效,上妆效果：还好吧
价格,没有免邮券的就不要买了。
物流,赞**快递神速！
整体,送的挺不错的
包装,可戴包装还是完好无损！
使用体验,水份多多
尺寸,大小刚好，
其他,一点也不好用。
功效,用起来补水效果非常好。
整体,洗面奶感觉不是很好用呢，
整体,面膜效果非常不错**发货也非常给力 
功效,保湿效果，
物流,又快又好，
使用体验,水灵灵美美哒。
整体,一个两个替换装喜欢
使用体验,通透光洁美白，
价格,价钱合理，
整体,这款隔离是真的很好用啊 
整体,不错是正品值得购买！
物流,快递点个赞，
整体,应该可以
真伪,这个品牌我用了10年了这次购买不是正品
整体,对皮肤很好
功效,感觉清洁不是很够，
使用体验,用起来感觉很水润
整体,一如继往好评
价格,又实惠
使用体验,很细，
物流,**快递神速。
功效,清洁皮肤效果很好
整体,蛮好。
整体,不过还是一如既往的好用啊。
物流,**发货超快，
整体,用后感觉挺好
整体,有点小～但是很好用 
整体,好用的，
整体,感觉很不错
价格,价格较便宜，
使用体验,一点都不干，
包装,包装口不知谁给隔开了，
整体,用了跟舒服也很符合我的皮肤，
功效,不过有一点点增白效果她不喜欢
整体,用着挺好的，
尺寸,防晒的看起来有点小
整体,只剩下次日达还能安慰一下产品挺好用，
整体,东西很好用，
价格,特别便宜，
整体,相信**很满意
整体,应该不错的
价格,好划算，
使用体验,不厚重，
整体,感觉不错。
包装,特别喜欢这个新包装的，
服务,欺骗消费者！
价格,还便宜，
物流,**快递超级快，
使用体验,有些油 
功效,而且很提亮肤色&hellip
整体,很不错的一款隔离霜继续关注的&hellip
整体,面膜很好用，
使用体验,洗完之后很舒服
物流,速度快！
功效,防晒隔离效果不错，
整体,还不错、、、、、、、、、、
整体,炒鸡棒棒！
整体,好，
其他,很方便啦，
整体,还不错吧?还不错?
整体,棒极了，
整体,真的很不错，
整体,特别满意，
使用体验,很清爽
使用体验,薄薄的，
物流,不知效果怎么样送货很快，
价格,超级划算，
整体,应该不错吧
整体,很小，
整体,效果比以前更好了
包装,里面的小包装完好。
使用体验,很补水的哦，
整体,希望满意！
整体,满意。
功效,没有感觉到有美白 
整体,挺好用的味道很好闻
使用体验,吸收情况：有点厚重夏天用
价格,就是感觉能再便宜点就好了。
整体,好好好好好
整体,使用感不错，
功效,补水效果不错
功效,控油效果：很好。
整体,赠品很好，
整体,依旧好用
整体,其余都还行
使用体验,保湿不干，
使用体验,很滋润。
整体,东西很好 
气味,个人情况：有点点酒精味，
使用体验,很方便，
价格,真的是非常划算哦，
包装,这次还有包装，
价格,活动价买的，
使用体验,用的脸上都起痘了。
价格,价格还便宜，
整体,适合肤质：效果不错，
使用体验,特别水嫩
使用体验,挺服帖的。
整体,个人感觉不错！
使用体验,用了之后感觉气色很好，
整体,听朋友介绍的说很好用就买来试试，
服务,服务态度很好。
包装,只有一个塑封袋，
物流,物流太给力了！
功效,清洁作用很一般了
整体,总之很满意的啦????
整体,有史以来买的最垃圾的一次，
使用体验,这次的面膜用着过敏了！
整体,面膜也很好用
整体,用了几瓶了还行
整体,效果还可以
气味,味道也很好
使用体验,敷完湿湿润润的肤色也亮亮的！
使用体验,而且特别温和。
尺寸,瓶子挺小的，
价格,这个价格很划算。
使用体验,感觉有点卡粉，
气味,味道咱也不喜欢
价格,活动买的 
其他,按压也很方便
整体,美美的，
服务,客服小海绵的服务也很好 
物流,快递小哥辛苦了
整体,挺好用的 
整体,感觉很不错，
整体,这款卸妆水挺好用的，
价格,价格实惠 
整体,一如既往的好～感谢店家送的礼品。
功效,涂在脸上很自然！
功效,很好用保湿效果不错
物流,物流服务好，
整体,补水效果不错，
物流,给商家还有快递小哥一百个赞
使用体验,不觉得油腻，
使用体验,用过后皮肤很光滑
功效,效果很好，
整体,超级好用补水水润，
整体,不错啊你们的东西很喜欢这个链接转链接转链接转链接
使用体验,太方便了用起来，
功效,但愿能够有美白的功效，
使用体验,又痒的，
价格,活动划算，
整体,用了还不错哦，
整体,整体不错 
气味,挺好用的味道很好闻
真伪,不知道是不是正品
功效,用了皮肤白的自然不错
整体,一直都用这牌子的东西真的很好用
价格,有活动才买
真伪,质量很好是正品，
整体,真的挺不错，
整体,很好用的隔离，
其他,这个瓶口按压设计很帮，
功效,补水效果还是不错的，
整体,很好用的面膜，
使用体验,皮肤有点敏感用起来还是比较温和的
功效,均匀肤色去除暗沉。
物流,信任**快递
整体,我感觉不太适合我，
包装,瓶口方便，
整体,习惯好评
价格,不过也对的起这个价格。
整体,这款面膜我一直再用挺好的值得购买
气味,而且有淡淡清香味，
价格,活动的时候买的很划算
整体,质量很不错，
整体,不过习惯好评
整体,宝贝非常好用，
功效,上妆效果很好
整体,不错好帖
整体,还可以啊补水
使用体验,使用后皮肤稍微干燥。
使用体验,感觉很滋润不干，
价格,实惠又好用，
气味,打开有股淡淡的香味，
整体,好东西好东西好评好评好评，
物流,发货快 
整体,感觉不是很好用 
整体,这个很好！
使用体验,好用不厚也不过敏
气味,和在屈臣氏的味道一样～不是很好闻～ 
使用体验,评论说服帖
价格,不过价格很便宜，
价格,洗面奶和我之前买的一样而且还比之前便宜 
使用体验,水水的 
整体,很好用哦，
整体,满意满意
真伪,商品是正品哦，
尺寸,面膜纸尺寸大小合适，
整体,一直都用***不错，
功效,用过后不保湿
整体,好很好非常好好得不得了！
价格,真的是物美价廉，
气味,味道闻起来是一样的，
使用体验,我是敏感肌用着也很舒服，
真伪,确实是正品，
使用体验,面膜很薄很服帖，
整体,使用感不错！
整体,用了几天感觉很好
功效,清洁效果：很干净。
整体,用了感觉还行不错！
尺寸,小小一瓶，
整体,不错一直都用这个
真伪,假货名子都不一样，
物流,速度很快，
新鲜度,日期还半年就要过期了，
整体,总体来说不错、我这是第三次购买了、需要的亲们可以放心购买、好评
整体,小姑很喜欢用，
使用体验,贴着很水润，
整体,用着也挺好
整体,很不错的一款哟
价格,搞活动的时候买的很划算！
物流,**送货速度真的很快，
使用体验,上妆效果：效果服帖且显白 
价格,活动时候很实惠，
功效,修正肤色，
其他,质量不错，
功效,清洁能力：洗挺干净又挺保湿不干燥
整体,效果不是很好
使用体验,轻薄透气。
使用体验,水润保湿，
使用体验,而且面膜很服帖，
整体,用着感觉真的不错
整体,最差的一次面膜，
整体,值得购买好评，
成分,每包的乳液有不同，
使用体验,一抹就开！
使用体验,感觉水水嫩嫩的，
价格,送了赠品！
物流,物流没得说，
整体,还可以吧就是这样啊，
物流,物流也出乎意外的快，
使用体验,泡沫很细腻。
尺寸,大小也合适。
气味,味道挺淡蛮好闻，
价格,很便宜，
整体,真的很耐斯～
使用体验,很熟服，
包装,漂亮的包装，
使用体验,很水润，
整体,不怎么好用
气味,气味淡淡的，
使用体验,脸上滑滑的
整体,蛮好的，
价格,谢谢店家的赠品
整体,宝贝挺好的，
整体,特别好用，
包装,这次的盖子松的，
使用体验,透气，
使用体验,看起来而且很滋润，
整体,上当了。
整体,一系列的服务都满意
整体,超喜欢了，
真伪,是正品一直用的这款隔离 
真伪,是正品！
物流,物流多块的。
功效,擦起来有一点白，
整体,特别好
整体,很开心，
气味,带点香味！
整体,就是粉扑不好用&hellip
整体,前几天就收到了特别好用肤色偏黄的远紫色刚刚好
整体,挺满意的
服务,客服态度也很好
整体,觉得蛮好用的，
整体,看着还不错 
功效,滋润及保湿：保湿还是可以
整体,很不错，
价格,还送了很多赠品，
整体,很喜欢在**购物 
整体,大爱呀爱呀
使用体验,很好涂抹，
包装,瓶子塑料比较硬。
物流,快递挺快的，
使用体验,特别滋润和美白，
使用体验,好用不卡粉，
功效,补水可以就是味道太香了，
使用体验,但是用这款乳有点火辣辣的感觉
使用体验,真的很贴脸，
整体,很好。
使用体验,很亲和，
价格,能接受
功效,很柔滑补水效果很好，
物流,送货又快！
整体,感觉挺好。
整体,很不开森，
使用体验,挺通透的
功效,保湿度很好，
功效,效果一点不好。
整体,用了两天真的很好用，
使用体验,面膜挺薄的，
整体,这款气垫cc真不错的，
价格,赠品到位。
使用体验,没有浮粉，
整体,不好用
价格,搞活动买的，
功效,很白，
使用体验,用了后脸滋润很多，
使用体验,泡沫很丰富，
整体,总之还可以，
价格,多送一个替换装挺实惠的！
使用体验,洗完脸不紧绷关键是品牌价格亲民啊
使用体验,泡沫丰富，
功效,清洁力还行的。
真伪,是正品好用 
包装,这次买的这个面膜快递刚收到时外箱有被拆过的痕迹，
价格,性价比不错。
整体,可以。
功效,卸妆效果不好
使用体验,用这个超级滋润，
整体,用起来很舒服 
使用体验,不紧绷。
整体,效果还行
整体,感觉很好用，
功效,防晒效果有待观察。
物流,**的服务跟物流棒棒哒
服务,服务也很好！
整体,用了两片还行！
物流,三流快递，
整体,还不错
整体,老婆说很有用！
整体,看评论说挺好的，
使用体验,哑光质感，
物流,退的挺迅速的，
整体,必须五星好评啊
使用体验,防晒涂着很清爽，
气味,清香型，
使用体验,不刺激！
功效,不假面，
功效,觉得挺补水的，
整体,起码面膜很好
整体,习惯好评。
真伪,不知道是不是真品1，
物流,却下了两个单?物流快，
使用体验,比较服帖，
整体,一般般吧，
功效,隔离保湿效果好，
物流,物流很快呢 
使用体验,贴上很舒服，
整体,一般般，
气味,就喜欢这味道
物流,超神速，
使用体验,敏感肌的我还过敏了
整体,不错哦。
物流,而且配送速度也很快，
功效,调节肤色，
价格,希望价格多多促销，
整体,马上效果挺好的，
其他,卸妆水感觉很少
使用体验,关键是不过敏，
整体,这次买的也好用，
真伪,不知道是不是正品，
价格,便宜了很多！
尺寸,有点小～但是很好用 
物流,送货快，
功效,这么的很白，
使用体验,属于温和性的，
功效,感觉清洗的效果不是很好，
使用体验,容易打开 
整体,也挺好用的
整体,给个赞
整体,很不错的面膜，
物流,物流挺快的哈
真伪,都是正品
价格,还很便宜好评
功效,洁肤很好，
整体,隔离霜不错。
功效,控油效果：还行。
物流,收货迅速，
包装,包装很大气用着很服帖 
功效,隔离效果还可以！
价格,赠品小盒子一打开包装就被别人抢走了
整体,效果好
物流,**速度快，
整体,大爱！
价格,买完就降价啦 
物流,速度很快！
使用体验,很好涂开，
使用体验,非常服帖脸型，
整体,买给妹妹的生日礼物女生都很喜欢会继续支持下去的
真伪,正不正品不知道，
物流,物流慢死，
物流,物流也非常的快！
使用体验,老搓泥。
功效,水润保湿，
整体,宝贝超极好。
整体,面膜刚到很喜欢 
物流,发货速度快，
价格,省钱，
整体,一直用***效果不错，
成分,该商品打开每片水份几乎没有了，
功效,感觉洗不干净
整体,用着真心不错，
包装,包装太简陋了，
服务,客服服务也很好??
物流,但是快递好快，
功效,美白效果还没看出来
价格,还挺划算的。
物流,物流很快哦！
功效,补水。
价格,不是很值
功效,卸妆效果很一般嘛，
整体,烂东西，
物流,物流超快。
整体,好用不贵，
整体,我用这款面膜不错，
功效,很好很自然，
服务,不错.比在超市和店里买划算.卖家和快递服务都不错给五星好评
整体,这款卸妆水很好用哦 
物流,**快递就是快，
整体,不错我喜欢
整体,真心不错直得购买
整体,用过很好！
使用体验,泡沫不会太多，
使用体验,这款比***的粘稠些，
整体,真的很好，
功效,自然美，
整体,但是对敏感肌来说这已经很好了！
使用体验,水份很多。
整体,宝贝可以，
整体,挺舒服，
价格,价格很便宜，
价格,很划算东西很保湿补水棒棒美美哒
价格,好用实惠，
使用体验,很薄！
新鲜度,就是这个日期不太好
价格,**优惠活动很给力，
整体,这个价格物超所值！
功效,感觉补水效果还可以
使用体验,洗好以后脸也不会紧绷 
功效,成膜速度非常快，
物流,但是对于五一期间物流也这么快，
整体,产品非常的不好，
使用体验,升级版不干燥。
使用体验,水水的很舒服，
功效,控油情况还行
整体,挺好的哟，
功效,特别补水，
价格,特别实惠。
价格,价格也很划算
价格,一次做活动买一送一，
整体,这次买的是最好用的一次！
气味,味道也好闻。
使用体验,用了水水嫩嫩的！
功效,清洁效果好特别好
包装,包装还不错，
使用体验,面膜纸丝薄服帖我很喜欢，
整体,商品不错，
功效,持久情况：持装效果大半天是没问题
价格,搞活动时买便宜实惠
包装,好嫌弃这包装
服务,卖家服务态度很好，
使用体验,粉扑好硬。
整体,总体还可以。
整体,都好用
包装,包装得很漂亮 
功效,用起来自然不厚重
整体,不好卡粉，
整体,还可以吧一直在用
整体,用起来很舒服，
物流,快递速度很快，
整体,很不错哦！
整体,很棒，
整体,去年就是订他们家的很好用，
新鲜度,还有一年过期 
价格,赶上活动买还有赠品，
价格,比实体店便宜好多，
气味,味道挺好的速度也快
使用体验,泡沫也多，
使用体验,不干。
使用体验,揭下面膜稍微拍几下就吸收了。
使用体验,脸也不痒，
价格,性价比不错，
价格,这次洁面买一送一划算就囤了，
真伪,查了一下正品
整体,我个人认为还OK。
整体,特别好的一款面膜，
价格,买一送一很划算
物流,发货速度挺快的 
整体,很喜欢！
功效,美白的那款洁面挺好的
物流,物流还蛮快
使用体验,面贴很硬也不好使！
功效,一直用的这款面膜补水挺好的，
功效,补水效果还可以。
物流,快递小哥很热情！
整体,这款面膜好用不贵，
使用体验,也不黏糊糊，
使用体验,用起来不油腻，
整体,用了效果不错
使用体验,敷完脸很舒服很水润
物流,主要是给快递小哥点赞，
功效,也很补水而且用了二次后我鼻子??上长的痘痘有消下去，
气味,味道好闻。
功效,清洁能力差的要死，
使用体验,但是不适合我这种皮肤，
整体,太失望了，
整体,喜欢用***的面膜，
整体,是我最喜欢的一款隔离
整体,很好 
使用体验,润润的棒棒哒！
整体,很喜欢这款卸妆水，
使用体验,我用了没有过敏，
整体,还行，
整体,包装盒都没一个，
包装,包装简陋 
整体,商品质量也很好，
气味,有淡淡得香味，
使用体验,泡沫丰富、细腻，
整体,可以啊，
使用体验,比较清爽型的。
价格,挺实惠的一次购物。
整体,不错的面膜啊，
整体,太好了，
使用体验,泡沫不多但是清洁力跟强，
功效,淡斑美白效果看后期使用时间会不会有变化再来追加评论。
整体,很合适非常不错??，
包装,外观也很漂亮
功效,卸不干净，
使用体验,用后不紧绷，
功效,比较保湿，
使用体验,反正只能说不过敏吧
物流,服务态度很好，
使用体验,而且敷完以后脸上很舒服，
整体,5星好评，
使用体验,洗完脸上感觉很光滑，
整体,很满意。
功效,特别干净
使用体验,擦得均匀服帖
价格,很划算的，
整体,感觉方便。
价格,用了2年了性价比高而且好用一如既往的会买这款隔离
功效,确实挺白的，
整体,喜欢下次还会来光顾
整体,点赞！
包装,包装完好时间也快
使用体验,面膜滋润，
整体,不贵好用的牌子，
物流,看着不错和以前买的一样还没用快递小哥很给力服务很好
整体,不错不错！
成分,精华液也挺多的，
整体,真的好的没话说了，
物流,**产品送货快，
功效,不是特别白 
整体,东西还是不错的，
使用体验,还有泡沫很多哦
整体,面膜也不错，
使用体验,水润皮肤，
整体,感觉挺好的 
功效,效果不错，
包装,盒子颜值很高。
物流,送货快 
使用体验,也不过敏！
整体,第二次用这个觉得很好
整体,应该挺好的吧，
功效,刚上脸有点假白 
价格,对得起这个价位，
整体,质量很好，
物流,辛苦快递小哥啦
整体,东西是正品好用
整体,东西还不错。
整体,太坑了。
使用体验,洗完后不紧绷
功效,遮瑕是假 
价格,价格不算贵！
使用体验,显白水润还送卸妆水，
功效,真的很补水，
整体,应该挺好的
整体,好用的不要不要的，
功效,遮瑕效果：还没有使用，
包装,包装太随便了吧连个包装盒都没有
整体,还挺不错用完再来
成分,精华液很多，
功效,遮瑕四星，
整体,乳液可以，
整体,产品很好，
真伪,感觉不是正品
价格,实惠好用，
物流,速度也快，
价格,网上价格低一点，
物流,送货速度很快很快，
使用体验,泡沫多，
功效,洗完脸感觉很干净
整体,这款卸妆水挺不错的，
使用体验,持久度也不好，
物流,但物流特别快。
使用体验,很清爽 
服务,服务态度很好很好！
整体,非常舒适，
服务,只不过客服的服务真让人不敢恭维
整体,还不错吧挺补水的喜欢用这一款面膜
成分,精华很少，
使用体验,好用不油腻很清爽
功效,效果不错的。
整体,满分满分，
物流,**配送很给力，
物流,垃圾东东白浪费运费卷
整体,很好呦！
使用体验,透气。
功效,而且涂在脸上特别细腻均匀，
整体,很好
整体,感觉挺好的，
成分,成分很安全，
气味,味道淡淡的
物流,**物流非常快，
整体,东西很不错！
整体,个人觉得非常不错！
使用体验,洗完好干燥。
整体,东西很好啊，
功效,面膜保湿效果不错，
物流,但这是的快递太不靠谱了，
整体,好开心，
物流,送货速度非常快！
整体,***的面膜用着还挺不错的，
包装,而且包装也很简陋，
价格,买一送一的活动，
整体,超喜欢！
价格,毕竟这么便宜，
其他,面膜数量很多啊，
整体,面膜很好用补水效果很好每天都用，
物流,给**快递员点个赞！
整体,媳妇说用的挺好。
物流,我只能说不得不佩服**的物流，
使用体验,眼睛也不会刺痛
整体,第一次给女朋友买化妆品类的东西就出现这种情况很忧伤。
整体,非常满意！
整体,超出预期。
使用体验,挺湿润的，
真伪,不知道是不是正品 
使用体验,也很补水而且用了二次后我鼻子??上长的痘痘有消下去，
气味,很香，
功效,上妆效果很好，
物流,物流超给力，
整体,感觉还行吧。
整体,而且还很好用，
物流,**物流就是给力
功效,卸妆非常彻底。
整体,感觉用着挺好，
气味,香香的的肌肤是***馈赠的
价格,好用划算
包装,包装盒压扁了，
整体,**质量杠杠的
整体,真的很好用
气味,超好用淡淡的香味还送了面膜喜欢的朋友赶快入手吧
物流,发货速度很快，
使用体验,质地挺轻薄的，
价格,活动价格超值，
整体,用惯了还不错。
价格,主要是物美价廉，
成分,里面精华很多，
价格,点赞！
整体,整体描述：还行 
服务,客服热心的又补发了一支～～～ 
真伪,希望是正品就好
整体,给个好评鼓给个励 
整体,据说是挺不错的！
气味,酒精味跟碧柔一样那么重，
整体,好评吧！
整体,说实话一般，
新鲜度,日期新鲜
功效,清洁能力：泡沫适中，
价格,买一送一挺便宜的
整体,不大好
整体,宝贝非常喜欢
使用体验,透气性也很一般，
包装,瓶子很漂亮很喜欢也很好用快递很快态度好
功效,补水够用了，
气味,总觉得太香了
整体,***的面膜好用还不贵，
整体,非常满意..以后还会光顾..值得购买
价格,还有赠品，
整体,面膜不错。
使用体验,用后也很清爽，
整体,用起还可以，
价格,很便宜
使用体验,这款面膜很好用不油腻感觉也好
物流,快递及时专业
物流,快递小哥神速
功效,面膜比较补水，
真伪,东西也是正品 
整体,效果不错，
整体,面膜很好用 
价格,价格也实惠，
气味,闻着味不错，
使用体验,用完一点也不油，
整体,赞，
功效,也显白
价格,最实汇的一次购物，
功效,不好用不滋润
物流,以前用过又来回购了送货到门非常好
物流,发货物流超快，
整体,水不错，
整体,一点也不值100多块钱的东西
整体,使用过两次感觉效果还不错，
价格,比平时划算多了
使用体验,水润保湿不油腻??????
气味,有香味，
使用体验,洗后不干涩
包装,面膜看起来也很旧，
整体,感觉好用
价格,超值了！
整体,不错价格实惠物流快666666
整体,妈妈说还不错，
整体,还不错??
价格,趁着还有活动，
物流,用了几年快递特别快。
使用体验,自然，
价格,女神节活动，
使用体验,持久度还是挺ok的，
整体,可以
功效,也挺遮瑕，
整体,用着很好。
使用体验,洗了脸有点紧绷，
整体,好用 
整体,用起来还是挺不错的
使用体验,挺润的，
整体,质量不错信赖**！
价格,超实惠。
功效,鼻子两边可以洗干净，
整体,送给妈妈用的好评好评好评好评好评好评好评
价格,送了赠品 
整体,隔离很好用，
整体,还好吧！
物流,佩服**的速度，
使用体验,洗完脸还是会紧缩，
包装,很便宜里面的化妆垫很贴心的设计哦
整体,质量不错，
整体,价格便宜实惠东西不错，
整体,用着不怎么样，
物流,快递员态度很好，
整体,一点都不好用，
使用体验,泡沫很多
功效,卸妆效果特好！
整体,非常不错，
使用体验,用完不紧绷，
整体,还好吧 
服务,店家服务也很好
包装,送的2O片包装还不错
整体,感觉用着应该也不错。
整体,不错朋友挺喜欢
物流,物流好快，
整体,真的不错、下次还来光顾
价格,价格不高，
整体,隔离霜用了一次感觉不错，
使用体验,用后很舒适清爽。
整体,细腻有润泽喜欢
使用体验,一天一张脸水水嫩嫩的
使用体验,很滋润不油腻也非常舒服，
整体,这个还是比较信得过的，
功效,也白，
价格,方便又便宜
价格,***的面膜好用还不贵，
使用体验,很滋养皮肤，
使用体验,吸收情况：可以
使用体验,我就过敏了，
整体,特别好，
功效,也不知道具体卸的干不干净，
包装,很不错包装也很好
使用体验,但是很滋润 
价格,价格合适，
其他,质量值得信赖，
整体,挺好的宝贝，
使用体验,挺温和~
成分,还好精华多昨天敷了一张棒棒哒
整体,说效果不错。
气味,和我在实体店买的差不多气味相似，
使用体验,试用后挺细腻的能够很好的提亮肤色。
价格,之前用的他们家赠品小样还可以，
价格,价格很优惠，
真伪,查了一下是正品，
整体,看起来不错啊物流也很快
整体,使用没毛病，
使用体验,这个用着感觉脸刺痛，
包装,包装严实，
整体,用啦一片还行吧补水我之前有买过这个牌子的面膜好像和这个不太一样！
整体,***的这款隔离霜很不错，
整体,用了一片后感觉效果不错，
价格,也实惠
整体,也比较好用，
功效,很自然。
物流,送货速度快，
价格,买了几百块也没赠品
使用体验,好用用过肤色好好，
价格,双十一比较优惠些
功效,保湿不干，
功效,防晒效果一般，
服务,服务好，
使用体验,不怎么油腻，
整体,老婆反馈说好用
整体,用着很舒服
使用体验,不是特别油腻，
使用体验,很滑 
整体,墨角藻的黑面膜不行，
物流,物流速度特别特别快，
使用体验,刚刚试了一下很清爽，
整体,这个面膜挺好用的
整体,好没用
整体,宝贝不错，
功效,补水效果很好 
功效,涂上后肤色显白又不夸张，
功效,洗完后很补水。
功效,防晒效果不清楚
整体,东西一般，
使用体验,不过容易油
物流,送货速度快好好好好好
整体,整体感觉还不错，
整体,这个东西非常好，
整体,非常好真的好喜欢好帖
价格,并且价格也美丽
功效,持久情况：不怎么挫泥，
气味,味道淡淡的 
整体,看着就喜欢，
气味,不知为什么这次的酒精味都点大，
整体,还可以用着还行，
整体,真的好，
物流,物流很给力，
整体,挺舒服的
整体,面膜很好哦 
整体,而且很方便，
使用体验,脸上用了挺水润的，
气味,挺香的，
气味,不过我上次买的味道有点刺鼻，
使用体验,不干
使用体验,洗用了之后脸很清爽的哦??感觉棒棒哒！
整体,让我给个差评。
整体,说用着好！
新鲜度,网页写的保质期四年，
整体,用的放心，
整体,用着舒服不错哦，
服务,客服态度很好尤其是这个汐曼
整体,比较满意，
使用体验,用着不过敏
使用体验,轻薄不油腻，
功效,遮盖力一般 
物流,快递也很快 
整体,老婆大人用了之后表示很好，
整体,洗用了之后脸很清爽的哦??感觉棒棒哒！
整体,用了用还不错
气味,感觉这次的味道跟以前不一样
整体,用了还不错，
物流,服务态度不好，
整体,很满意哦！
真伪,也是正品
价格,活动买的很合适，
价格,真心划算，
整体,面膜收到了一直用***化妆品和面膜挺好用
价格,活动买的，
功效,补水效果也不错，
使用体验,容易清洁，
使用体验,真的不浮粉，
物流,物流也很给力，
功效,根本卸不干净，
价格,真的实惠实用
功效,补水很好，
整体,是还可以的，
整体,宝贝用着很好，
整体,反正就是渣货
使用体验,面膜特别薄很服帖精华很多用完很保湿很不错。
整体,感觉还不错。
使用体验,用起特别滋润，
整体,质量不错
价格,送了很多赠品 
使用体验,美美哒
整体,效果挺好
整体,东西挺好的
整体,感觉一般，
价格,搞活动买的很划算。
整体,可以还是可以 
真伪,怀疑不是正品啊
功效,提亮肤色是真 
使用体验,非常的服帖，
整体,很常满意
整体,总体不错，
整体,所以先给好评吧！
功效,第一次买的效果不错
价格,搞活动买的第20条也不错的
价格,太超值了，
整体,送的面膜也是超好用的，
整体,面膜用着非常不错，
使用体验,很干
整体,送的手册超级喜欢，
整体,挺喜欢的
整体,这个面膜不好用，
功效,比我的***补水还强，
价格,优惠多多。
价格,还买一送一很实惠 
使用体验,可以的很温和不敏感好评
整体,总体感觉不错，
使用体验,洗面奶使用后脸上总是滑滑的，
价格,毕竟便宜
整体,还没用完不过很不错！
成分,水分足，
使用体验,就是稍有点干，
其他,洗面奶很稀没有什么质感。
整体,提好的东西，
整体,一如既往的喜欢，
功效,肤色都不正，
整体,不错哦，
功效,感觉不怎么补水 
整体,质量好，
价格,不错.比在超市和店里买划算.卖家和快递服务都不错给五星好评
整体,好评先
价格,做活动的时候买的，
使用体验,有过之后水水的，
整体,之前过用过好用，
包装,非常棒赠品好多包装挺好
包装,感觉还不错吧就是收到货时觉得包装太简陋了点
使用体验,挺湿润的
物流,东东很快，
价格,东西很好啊有活动时候买的也很划算 
价格,这次还有小礼品，
整体,好用用过肤色好好，
物流,不过物流挺快第二天到货的。
功效,卸的也挺干净，
价格,买了2套很划算
价格,搞活动的时候买的挺便宜的用过后才来评价补水效果很好
使用体验,用起来不干，
整体,非常喜欢的一次购物。
功效,用啦一片还行吧补水我之前有买过这个牌子的面膜好像和这个不太一样！
使用体验,挺水润的，
功效,给脸补补水，
整体,感觉没以前好用了
使用体验,卡粉，
使用体验,面膜很润，
整体,可能是不太适合我，
整体,很好用，
使用体验,就是比较温和
价格,挺实惠的
功效,用了确实很补水，
功效,提亮偏黄的肤色，
整体,刚用了两次感觉很好用，
价格,双十一价格比平时优惠很多，
物流,天猫直送很给力，
整体,朋友喜欢。
功效,补水没有太大感觉 
包装,包装盒很好看，
价格,商品价格合适，
整体,看着很喜欢
整体,偶尔用用不错。
功效,清洁能力强，
整体,肤感还可以。
使用体验,用过后皮肤很细腻，
功效,洗的干净不干燥!
整体,给老婆买的!老婆说效果很好!
整体,整体用的不错，
整体,不适合我。
包装,唯一要吐槽的是这个包装忒简单了，
功效,补水还不错
价格,价格实惠
整体,媳妇满意说，
使用体验,也能洗干净
使用体验,霜状的很好推开，
价格,价格比实体店的要便宜很多。
整体,不错哦
使用体验,不过洗过之后不紧绷，
整体,这款***的真的好用，
整体,总体还不错
使用体验,用起来特别滋润，
使用体验,打脸上浮粉，
整体,感觉还可以，
整体,****的非常好，
包装,包装好看?
整体,还喜欢！
整体,感觉还不错，
整体,评价实惠好用！
价格,这次趁活动买了两盒，
整体,感觉非常不错
价格,双十一价位就很给力
整体,不怎么样，
整体,太失望了
整体,东西不错一直在用，
功效,防晒力度感觉也还算可以
价格,比实体店打折还便宜，
真伪,是正品。
服务,给商家还有快递小哥一百个赞
功效,补水效果特别棒
使用体验,洗面奶的泡沫丰富，
价格,价格有优势，
使用体验,面膜也很水不粘稠，
整体,很方便，
整体,喜欢
其他,好少啊。
价格,非常棒赠品好多包装挺好
成分,美容液比较丰富，
整体,这款面膜挺好用的，
整体,爽~
整体,商品很不错！
物流,物流速度太快了，
其他,量大便宜，
功效,补水效果不错呦。
气味,打开很香，
整体,也很好用！
服务,小海马服务棒棒哒哦 
包装,包装挺好的，
物流,物流也挺快
整体,宝贝很喜欢，
功效,抹上白白透透的，
价格,很超值，
气味,味好闻。
成分,面膜的精华液很多！
功效,颜色比较均匀，
整体,效果真的很一般，
气味,酒精味很明显 
使用体验,没有过敏现象，
整体,非常喜欢
整体,棒棒的。
整体,说用着还不错
整体,婆婆喜欢回头会回购
功效,清洁很彻底，
整体,挺好用的就是太少了没用几天就没了
功效,不假白，
服务,感谢客服的耐心，
包装,包装就一个袋子，
整体,不错很喜欢这个牌子
使用体验,价格也挺实惠，
整体,很喜欢很喜欢
成分,水分精华很多，
整体,"挺好用,下次还会在来"
价格,很划算买一送一，
整体,果然比bb霜好用多了，
整体,非常好 
使用体验,吸收迅速，
使用体验,不过好像还是干
价格,店家还送了礼品，
整体,用完没用
整体,很好的宝贝，
包装,连个包装盒都没有，
气味,味道闻起来很香 
整体,用的不错，
功效,妆前隔离很好用啊，
使用体验,很服帖！
成分,精华很多！
整体,昨天用了一片不错。
整体,应该还不错挺好的
功效,清洁力也不错，
价格,刚买回来就降价了
使用体验,不油腻 
整体,相当不错，
价格,经济，
整体,不喜欢，
整体,应该不错
整体,用着效果不错。
整体,用着还行，
功效,挺干净
使用体验,用完没有紧绷感，
功效,补水效果超好，
价格,节日做活动便宜了很多，
整体,一直用这个产品很喜欢
使用体验,有点脱皮的感觉，
服务,服务太差了！
其他,宝贝质量很好，
包装,外面摸着特别软，
物流,**物流太棒了，
整体,比***那些好多了
整体,很好很自然，
价格,礼品很好哦
整体,说用的还不错，
价格,便宜实惠。
真伪,正品比实体店划算
整体,质量不错以前今常买，
物流,快递小哥态度很好
使用体验,很柔暖，
使用体验,黏黏糊糊不吸收
功效,上妆效果：上妆效果很好，
使用体验,好用好用水润
整体,好用又便宜 
物流,物流速度，
功效,补水效果很好呢，
价格,价格挺实惠的，
使用体验,很贴，
整体,喜欢这个
价格,面膜超级划算，
整体,使用后感觉很舒服，
物流,收货很快，
功效,保湿度强
整体,好
整体,还可以&hellip
整体,还不错吧，
整体,用着还行很保湿
物流,物流好快昨天下的单今天就到了，
整体,还好吧，
成分,精华特别多，
包装,包装也好，
气味,味道淡淡的清香。
价格,超值的，
物流,物流小哥服务特别好，
功效,感觉很服贴自然，
整体,喜欢这种东西&hellip
物流,**物流真不错，
整体,这个效果一直棒棒，
使用体验,上脸很服帖
物流,快递太给力了，
价格,用了优惠券，
服务,商家也不错给个五星好评吧！
功效,非常补水，
价格,特价囤的，
价格,好合算的，
功效,肤色显得自然，
价格,性价比又高，
价格,很实惠
价格,也很优惠，
使用体验,不干不紧绷 
使用体验,用了很水润，
整体,这款洗面乳很好用，
整体,很好用 
整体,婆婆很喜欢，
气味,味道不是很喜欢，
使用体验,温和程度：很好。
使用体验,比较清爽，
包装,但是瓶口没有密封口，
功效,用着挺自然的
价格,不敢相信这么便宜的面膜一点不比八块十块的差。
物流,快递挺给力，
价格,平价
功效,这是第三次买了保湿效果不错，
功效,比较显白，
整体,挺好用的。
功效,遮瑕效果不好，
整体,可以，
功效,还是很显白的，
物流,物流也很给力
整体,东西很好，
物流,而且物流也快。
整体,非常非常好，
整体,用了感觉不错 
整体,还可以，
整体,看的很满意，
价格,最近活动不给力啊
功效,对于偏黄肤色可以提亮肤色，
物流,太快了，
使用体验,敷完很湿润，
整体,不过***的面膜也是很不错的啦，
整体,好。
使用体验,不遮眼睛
使用体验,有点卡粉
价格,这款价格经常变动越来越高了啊
物流,速度快挺好的
物流,物流很快。
使用体验,感觉洗不净的样子，
整体,看着不错，
价格,实惠，
功效,应该补水还可以
功效,补水用这个真的很好
整体,东西还不错！
物流,物流还常快，
使用体验,用起来自然不厚重
整体,很好用啊，
整体,可以哦，
整体,妈妈觉得很喜欢
功效,肤色提亮了很多，
功效,颜色很正，
新鲜度,就是保质期太短了，
成分,精华也特别多
新鲜度,保质期2020年11月，
价格,价格很实惠
使用体验,洗了脸很清爽舒服。
整体,感觉还好，
真伪,太假了，
使用体验,一点也不油腻！
气味,香味有点不太喜欢，
真伪,也没有盒子感觉好假好假。
整体,垃圾，
使用体验,面膜很好吸收，
使用体验,也很好涂抹，
使用体验,不好用，
使用体验,每次用完都是满脸浮粉，
功效,补水想着 
包装,有一瓶漏了
整体,好? 
物流,送货速度快包装很好
整体,用着感觉相当不错，
整体,这个卸妆水还可以，
使用体验,敷了一片非常舒服
物流,**物流真的没话说，
功效,脸比较干这个保湿效果还行
整体,超喜欢，
使用体验,就是按出来有点麻烦，
价格,价钱优惠，
整体,很舒服，
整体,感觉还是很不错的，
使用体验,挤了好多也没什么泡沫，
功效,洁面很干净，
价格,很不错满满两大盒买一送一很划算
物流,快递也很快，
价格,双十一价格实惠！
使用体验,挺清爽的
使用体验,搭配水乳一起听水嫩的，
真伪,整体描述：正品，
成分,精华液也很多，
成分,水分多，
整体,还不错！
气味,味道不错，
使用体验,敏感肌用一点没问题，
功效,超水润补水保湿，
气味,但是闻着味道还不错
整体,一直就喜欢这个牌子的隔离霜，
物流,快递给力。
价格,帮朋友买的价格合算，
气味,为什么闻着酸酸的
使用体验,很好用很服帖，
功效,至于修复角质层的效果得等一段时间。
物流,送货快服务态度好。
整体,超级好(?�?)
价格,看到有活动果断买了
价格,收到之后什么赠品也没有 
物流,快递也很给力！
真伪,是正品哦，
物流,物流超级速度
整体,面膜也不错。
整体,应该还可以之前买过水乳感觉还行。
功效,美白尚不明显
价格,不错不错物美价廉用过之后再来评价
功效,很干净。
价格,还有好多赠品，
整体,昨天到了还没用、不过我都是在这家店买的好几次了很喜欢
价格,比****便宜
功效,超补水
整体,看着还行 
使用体验,不干，
使用体验,也不壳粉 
使用体验,但是挺润的，
使用体验,不吸收，
整体,朋友推荐的产品应该还不错吧
真伪,正品，
整体,产品物流都给力。
整体,这次网购很高兴
成分,精华多 
功效,微微改善肤色，
使用体验,粉很细，
整体,好用不贵
整体,不过看着挺不错的，
价格,价格很好的时候入手的，
使用体验,敷完水水嫩嫩的
整体,还不错的
功效,控油效果：这个人很懒，
价格,比实体店便宜
使用体验,干巴巴的一点都不水润，
使用体验,超水润补水保湿，
功效,自然偏白
整体,效果很好，
服务,包装完整没有破损卖家服务态度好有问必答，
整体,用了半个月了才来评价一个字好好好，
整体,很满足。
物流,物流够快 
使用体验,用起跟水润
整体,必须5星好评呀！
物流,发货快到过快，
功效,补水效果不错！
功效,挺保湿的，
功效,而且变白了，
物流,产品物流都给力。
整体,不过应该可以
使用体验,清薄，
功效,感觉挺补水的，
使用体验,用着很舒服
真伪,查了是正品放心使用，
整体,效果非常不错哦(^_^)
物流,下午就到了**快递速度真不是盖的这是买的第一个隔离霜 
整体,方便快捷
使用体验,用后脸不会觉得紧绷非常温和的一款一直都用扇风便宜又实惠
整体,挺适合我的。
整体,感觉蛮不错的，
价格,太合适了，
气味,非常喜欢她的味道！
整体,感觉还行吧 
整体,感觉还行吧，
整体,好用好用，
包装,没有说明书。
使用体验,服帖
整体,老婆很喜欢！
气味,洗面奶很好闻
整体,挺好用的，
整体,感觉效果挺好。
功效,补水效果挺好的，
功效,宝贝有淡斑效果 
整体,其它的都不错
整体,比较喜欢那个炭黑面膜，
功效,用了觉得补水效果还不错，
功效,遮瑕力一般、主要是轻薄、提亮肤色、建议黄皮的买自然色或者无瑕色
价格,一直在使用的品牌、物流给力、**搞活动时很优惠
功效,遮暇一般般
服务,卖家态度也不错！
整体,发来了3盒很划算哦而且效果不错，
功效,保湿美白效果很好，
使用体验,很清爽保湿，
使用体验,比较好推开。
物流,快递也很快哦～有需要还会来买的～
功效,保湿效果很好，
使用体验,不油腻，
使用体验,用着很细腻自然。
使用体验,给手背上试了试不错细腻亮白
真伪,发货速度快宝贝是正品，
整体,老妈很喜欢呀
真伪,是假的，
使用体验,感觉蛮轻薄的！
整体,挺好用 
使用体验,所以很干净，
新鲜度,还说都是保质期三四年呢客服态度敷衍了事
物流,物流也挺快的
包装,包装不是普通的塑料袋，
整体,用着非常好，
整体,不是很好用，
价格,看搞活动买来试试，
功效,很滋润补水效果也不错，
物流,小哥服务态度好
功效,很好用，
使用体验,皮肤感觉不干燥。
功效,遮瑕，
整体,面膜还行，
价格,现在有活动，
整体,超满意，
价格,价钱实惠。
整体,非常的好用，
使用体验,还是有点白！
价格,贵呀
物流,发货和送货速度都很快，
包装,包装仔细，
使用体验,敷完脸上都是胶，
整体,还行吧，
服务,客服态度也很好！
使用体验,滋润及保湿：挺滋润的
功效,面膜补水效果真不错，
功效,清洁能力：清洁效果好，
使用体验,上妆也很舒服！
整体,很好用、买一送一超级划算、**物流超快！
价格,赠品不少
整体,看起来不错！
整体,商品收到非常不错，
服务,态度好，
整体,还好还好
整体,用过的史上最差的一款，
整体,就是好，
整体,夫人感觉面膜挺好满意。
整体,面膜好用，
功效,面膜很好用补水效果很好每天都用，
价格,比店里便宜多了
整体,非常棒，
整体,很好非常好，
整体,这个面膜很好用，
整体,用着挺好的
整体,好用很喜欢！
整体,货真价实，
包装,包装精致还没开始用呢～
服务,客服热心，
整体,效果明显，
整体,效果真的一般，
新鲜度,就是生产日期比较旧
功效,防晒效果还不知道。
整体,很好用噢，
价格,很划算，
功效,拿来补水用！
使用体验,而且涂在脸上特别细腻均匀，
整体,东西很不错，
整体,用着还行
整体,特别好用补水效果杠杠滴！
整体,美美哒！
价格,便宜优惠
整体,非常非常喜欢。
包装,颜色挺合适，
价格,不错价格实惠物流快666666
价格,比实体店便宜不少钱的呀
包装,包装漂亮，
整体,送的面膜也很好用哦
使用体验,薄薄的 
整体,宝贝很好很喜欢质量真心不错满意值得购买
功效,效果不错挺好的 
整体,特别喜欢
价格,看见了很心塞.........
物流,快递很快
整体,妈妈很喜欢！
功效,也很提亮肤色，
物流,服务态度很好。
整体,东西太一般了没有说的那么好并且还干，
整体,挺好
其他,质量不怎么样，
整体,老婆说用的还不错，
尺寸,挺小只方便携带~好用的话会回购~
气味,有淡淡的香味
使用体验,很多泡泡，
物流,物流快 
功效,不怎么亮肤
整体,个人感觉还不错，
物流,快递也给力，
整体,宝贝很不错 
包装,就是瓶盖设计好巨大呀，
使用体验,不贴很容易掉粉，
整体,非常好？！
整体,还是挺好用的
价格,很实惠！
整体,质量不错玩，
功效,隔离效果很好、一直都在用
功效,保湿好
功效,用着很显白，
整体,感觉不错，
物流,最喜欢的就是**快递的速度，
使用体验,容易推开
物流,物流快当晚就用了一片精华液很多，
整体,反馈情况良好，
功效,面膜好用补水，
使用体验,洗完脸不紧绷，
整体,老婆说很好很喜欢，
价格,这个价格很实惠值得购买
使用体验,超清爽的，
物流,卖家发货比较慢，
整体,太赞了
功效,补水效果特别好！
整体,挺好 
整体,整体描述：一般
价格,买一送一很划算，
真伪,可能是假的
功效,觉得补水效果还行
包装,包装挺精致，
使用体验,这个面膜用完皮肤很滑嫩，
功效,保湿效果：保湿一整天。
气味,香香的味道
功效,补水效果看的见
功效,补水效果很好
整体,挺合适的！
整体,东东也不错，
使用体验,宝贝用的也挺舒服，
整体,很合适，
整体,量不多 
整体,试了试觉得不错
成分,水份足，
整体,不错媳妇用着挺好的
价格,搞活动买的价格很便宜，
功效,今天收到货就迫不及待地试了下确实可遮瑕，
使用体验,洗了不紧绷，
整体,不错不错
价格,看见有活动又马上囤了两支
气味,而且很好闻，
物流,快递第二天就到了
整体,效果一般吧
物流,快递超快的！
使用体验,还可以吧就是涂在脸上有些干
功效,保湿很好，
价格,有活动买着划算
包装,包装很好，
整体,一般，
功效,清洁度还不错，
价格,很超值
尺寸,其实收到也就一点点，
物流,物流也是超快的
使用体验,也不油哦
整体,超级好用 
整体,面膜用还挺好的自己 
整体,很适合我用，
价格,活动力度很大，
功效,很显白哦，
使用体验,很滋润保湿 
整体,清洁能力：很好用呢
服务,客服很有耐心
整体,送了卸妆水和面膜都挺好用的
整体,朋友说特别好用还送了很多小试用！
整体,质量很好且送货速度快！
整体,超喜欢的 
气味,味道一般不是香香的那种 
使用体验,很清爽不油腻。
价格,不过这次的更优惠一些，
真伪,验证了是真品，
整体,超级好用
功效,刚刚用过效果还不错
整体,感觉还好吧，
整体,效果很好！
使用体验,清洁能力：细滑容易冲洗。
价格,活动，
服务,客服真的忙，
整体,干皮喜欢 
整体,不是很适合我
功效,有点白，
整体,好！
物流,发货快，
气味,试用了一下有淡淡的清香味，
整体,今天第一次用很喜欢，
整体,棒棒哒～为了***小哥哥买的～
功效,***人鱼公主面膜贴33片装（水养面膜20pc+雪润面膜13片）女海藻补水保湿提亮清洁收缩毛孔
成分,里面的精华液很多，
物流,快递迅速!服务态度好!使用效果非常棒，
整体,给予好评?
物流,又快
整体,非常好用。
功效,持久情况：持久度不错
使用体验,很细腻，
整体,东西还行，
价格,活动价格购买的，
使用体验,滑滑的
价格,价格还便宜
功效,挺补水的，
功效,防晒效果不错
其他,挺好的质量不错，
价格,还有好多赠品
整体,这是第二次用确实不错，
使用体验,脸红肿，
整体,好评好评，
使用体验,果然是挺油腻的，
价格,价格挺优惠的
价格,便宜实惠，
整体,自己用着还不错，
使用体验,涂上后有点发干。
尺寸,好小一瓶，
功效,效果太不好了
功效,也很自然。
整体,感觉还不错吧就是收到货时觉得包装太简陋了点
其他,质量很好是正品，
整体,货物很好，
整体,反馈还是一如既往的好，
物流,快递小哥也很好，
功效,保湿效果还好吧，
整体,真的挺不错的，
功效,淡斑是真没看出来
价格,挺好了毕竟价格就很美丽。
整体,面膜很好，
整体,东西挺好用的便宜实惠又好用
使用体验,第二天脸也挺滋润，
整体,效果很好
使用体验,细腻滋润 
使用体验,泡泡很少，
功效,用了一次就感觉补水效果很不错
价格,实惠！
服务,卖家服务态度非常好?，
价格,而且是超值装 
功效,遮瑕效果超级好，
整体,不错?
整体,大爱，
整体,用了一片还行，
整体,使用无异常，
功效,显得皮肤蛮白的，
整体,金主爸爸也很给力！
真伪,产品是正品，
包装,包装完整 
整体,不错。
使用体验,女朋友用了脸说有一点点痒
物流,就是物流太慢了。
整体,挺好的用的，
整体,用起来感觉很不错，
价格,赠的东西挺多的，
整体,挺好的质量不错，
整体,非常喜欢呢！
物流,很快
气味,买的是自然色还有香味，
使用体验,很清爽很好推开 
价格,挺实惠的！
包装,外观高大上，
成分,最主要的是蚕丝面料，
整体,五星好评！
整体,满意，
使用体验,浮粉 
整体,看起来很不错
使用体验,但是真的很温和
包装,瓶子很漂亮，
功效,自然真实！
整体,感觉还可以。
气味,味道挺好闻的
包装,送的面膜盒也漂亮，
整体,送了超级多中样
使用体验,很细！
整体,这次网购总体一般，
功效,上妆效果：满好的，
气味,不过味道个人不是很喜欢啦
使用体验,刺激皮肤而且这次买的商品盒里说明书都没有一张，
整体,差差差
整体,真的挺好
整体,用着还挺好，
价格,价格也便宜。
使用体验,用着舒服不错哦，
功效,感觉白了一个度
整体,挺不错的。
物流,还有快递小哥，
整体,用了不错
使用体验,透气性比较好，
功效,不知道隔离效果怎么样
物流,物流真是快阿，
整体,颜值也高不错
整体,优秀优秀优秀
气味,是我喜欢的味道，
整体,好评。
整体,好评！
价格,特别实惠这次买的！
使用体验,洗的很干净
整体,用起来也非常好。
使用体验,真的很舒服，
服务,相当的满意
使用体验,水润不干燥，
使用体验,用着都掉皮，
使用体验,感觉比其他面膜要薄点，
整体,我们都很喜欢哈，
真伪,是正品 
价格,活动买的很划算哦
整体,用着效果蛮好的，
其他,质量不错是正品，
真伪,效果不错是正品！
成分,物流快当晚就用了一片精华液很多，
整体,太棒了，
价格,价位也合理。
功效,遮瑕效果超好的，
整体,感觉还不错吧，
气味,气味很好闻。
气味,还没用开始味道还好 
整体,挺好，
物流,快递是真的很快呀
整体,我很喜欢
整体,但是还好，
成分,薄薄一层满满精华素，
价格,性价比高，
包装,包装很喜欢?，
使用体验,用了后丝润光滑
整体,很好不错非常喜欢下次再买
气味,乳液有点味道，
物流,就是物流有点慢 
价格,活动时候挺合适的，
功效,微微一点白，
真伪,希望是正品
物流,发错了，
整体,面膜还行吧，
整体,老婆很喜欢这款面膜.
气味,可以香味也可以
功效,滋润保湿，
价格,买一送一挺便宜，
整体,还挺好用的
使用体验,不过敏，
使用体验,用着没过敏、继续看看
整体,气垫很好细腻你不脱妆
使用体验,用后脸不紧绷！
价格,东西是挺便宜的，
整体,总体感觉还可以
功效,用完皮肤又白又亮
功效,这个隔离涂上不卡粉有提亮的效果，
成分,唯一的遗憾就是面膜放了香精，
功效,不保湿
价格,据说挺好碰到活动买来试试
价格,便宜实惠又好洗
真伪,到时候用了看是不是正品，
物流,物流超快
气味,有点不适应哈哈
功效,用起来遮黄气暗沉，
真伪,应该是正品，
整体,质量上乘。
整体,不好用很烂
功效,还保湿，
功效,美白效果也不错，
其他,纸质不错，
物流,快递速度快，
使用体验,皮肤滑滑的。
包装,包装也很好 
整体,只能说一般般吧
使用体验,挺细腻，
整体,用着还可以主要按压比较方便不用倒出来那种
整体,面膜特别薄很服帖精华很多用完很保湿很不错。
整体,用着觉得一般化，
使用体验,这款面膜用了不刺激，
使用体验,隔离霜很轻薄，
整体,喜欢这一款面膜！
真伪,质量不错是正品，
整体,试了一下还不错，
使用体验,对于干皮可能有点干，
整体,用着很不错，
使用体验,以前用过他们家的护肤品感觉有点干，
物流,**快递速度很快。
包装,包装太简单了，
功效,遮瑕力一般般，
功效,用着很自然，
整体,难用哦，
使用体验,挺滋润的！
真伪,东西收到了是正品，
功效,自然色擦到脸上感觉颜色有点暗，
整体,面膜感觉不错，
包装,颜值也高不错
整体,我很喜欢。
价格,看见3.8节有活动就又入手了一只哦
整体,又好用！
使用体验,洗后不紧绷，
整体,很好用很喜欢。
使用体验,挺服帖，
价格,很划算
包装,包装也很细心，
功效,清洁能力：清洁能力挺好的 
使用体验,非常滋润保湿，
整体,不能用
物流,快递也很快
功效,擦了以后很自然。
气味,试用了一下味道很好闻、皮肤显得光滑细腻。
整体,东西挺好的，
服务,快递和服务都好评
使用体验,挺薄也贴肤，
价格,好用不贵，
整体,很好用
使用体验,用了之后感觉皮肤水水润润的，
整体,蛮不错的，
使用体验,混干皮用下来有点干，
使用体验,很自然又很好推开
功效,清洁能力：细滑容易冲洗。
整体,实惠又实用，
整体,棒棒哒
价格,还很便宜呢
整体,东西看着还不错，
整体,好用。
整体,感觉还是不错，
整体,比较好用，
整体,面膜用后感觉也特别的好，
价格,比外面买的便宜得多 
使用体验,没有过敏。
包装,还没有用.用了在来评价.外表可以
使用体验,用起来挺自然，
尺寸,太小一支了哈哈，
使用体验,用完了比较有气色
使用体验,不会浮粉，
物流,这物流也太给力了吧，
整体,还可以吧！
整体,试用了一下还可以哦！
整体,真**坑人
物流,质量值得信赖物流还快，
气味,去年买的刚打开有点淡淡的味道。
整体,真心好用，
服务,客服态度也好
功效,上妆效果：容易上妆 
使用体验,不是那么水润，
使用体验,很舒服 
整体,过得去，
整体,面膜还是很好用的，
整体,宝贝不错 
整体,还行
整体,个人不喜欢这个系列的，
功效,这几天用了保湿效果不错，
使用体验,用了没有过敏，
物流,不过应该给快递点赞。
功效,清洁能力：清洁能力挺好的，
价格,便宜又好用，
整体,商品好。
使用体验,第一次用的时候成膜有点慢 
整体,感觉无比的高大上，
使用体验,很轻薄，
整体,应该挺好的，
真伪,上面显示是正品，
整体,好好用哦，
整体,不错哦！
整体,质量上乘，
功效,补水效果超级好，
整体,挺满意
气味,还有淡淡的香味。
整体,挺好的不错。
功效,卸得不是很干净，
整体,**大牌很好，
整体,洗完脸滑滑的
整体,超赞！
功效,遮瑕效果一般，
其他,用了质量不错非常喜欢.下次再来.很满意哦
价格,赠品好有分量，
整体,看着还不错
价格,物美价廉
功效,补水效果不错，
功效,�上好自然
真伪,这里买的是正品
气味,有淡淡的香味，
价格,物美价廉！
物流,物流很快！
整体,面膜纸丝薄服帖我很喜欢，
整体,第二个感觉不是很好用了
物流,物流特别快，
价格,超级实惠。
真伪,真品牌。
价格,价廉，
整体,***化妆品应该算是前十化妆品之一了质量和口碑还是不错的，
价格,物美价廉，
功效,相较其他遮瑕，
整体,好用，
整体,用着是很温和的一款卸妆水。
使用体验,和我的小伙伴一起用的比较油腻必须用水洗两遍才会好，
整体,五星好评。
价格,挺实惠，
成分,水分充足！
物流,快递很速度
使用体验,卸载晚脸色不油腻
整体,这个牌子护肤品不错
整体,用了乳液感觉还可以
整体,很好又送了一大瓶卸妆水
使用体验,就是用完之后脸上有点疼，
功效,面膜保湿效果也不错，
成分,水分很多
使用体验,上妆轻薄透亮 
整体,她说不好用很垃圾。
功效,持久情况：四五个小时吧 
真伪,****店应该是正品吧
功效,遮瑕还好，
真伪,东西是正品，
整体,同品牌用过其它的很好 
价格,也很划算 
物流,快递很给力
功效,太白，
整体,感觉美美哒
整体,当然给个好评
整体,气垫很不错，
物流,快递超赞，
整体,产品也不错，
整体,妈妈说很好用。
功效,很滋润保湿 
使用体验,不够细腻，
气味,味道很不错，
使用体验,用了下挺自然的，
使用体验,细腻有润泽喜欢
功效,特别白的自然。
整体,确实挺好用，
气味,还很香
物流,速度很快
功效,也挺好上妆的，
整体,用着很舒服给妈妈买的
价格,刚好搞活动就买了，
功效,感觉隔离效果不错，
整体,还可以这个新包装第一次用
物流,送货速度很快。
功效,很干净，
整体,开心，
使用体验,面膜轻薄补水。
整体,非常好的商品，
使用体验,用着很水，
价格,正好遇上做活动流存了好多货，
整体,用过了之后感觉还不错！
整体,很好很喜欢
物流,物流真快，
整体,用了质量不错非常喜欢.下次再来.很满意哦
整体,便宜又好用，
使用体验,一直用这款洗面奶洗过不油腻清清爽爽的感觉。
价格,看有活动秒下单?
功效,上妆效果：不错，
使用体验,还刺痒啊
整体,很方便！
其他,牌子本身挺不错的，
整体,总之很满意
功效,提亮肤色
功效,补水很好用，
功效,卸妆效果一般般，
功效,遮瑕特别好
物流,物流挺快的，
价格,价格划算，
使用体验,一点也不干，
整体,货收到了使用一下没有还可以就是有点小贵
物流,**物流也特别给力，
价格,比实体店便宜多了，
整体,还算是不错的，
整体,超级好用，
价格,很好便宜实惠支持**商城
整体,挺好的呀呀呀呀呀呀呀呀呀呀呀呀
功效,遮红血丝，
功效,补水挺好的，
整体,这款�妆水也很好用，
功效,用了之后感觉变白了呀！
使用体验,面膜纸很薄，
整体,可以的很温和不敏感好评
使用体验,浮粉
整体,宝贝质量很好，
其他,喜欢它的设计，
服务,服务好！
物流,瓶子很漂亮很喜欢也很好用快递很快态度好
价格,做活动买的还挺划算的，
使用体验,起泡量属于少的那一种 
物流,快递小个很是给力，
使用体验,也不油腻，
使用体验,不浮粉，
价格,赠品非常不错，
整体,不错价格实惠
物流,**物流很快呢。
功效,补水效果感觉还不错，
使用体验,可能有点儿掉妆
功效,叶藻的很保湿，
功效,保湿提亮效果不错
包装,外壳好看，
功效,价格实惠基础补水护肤很适合，
价格,比实体店性价比高很多 
整体,方便又便宜
整体,好评，
物流,快递员辛苦了(�&nabla
整体,老价格来说应该不差
使用体验,而且洗完后会紧绷
整体,觉得不错
物流,快递员很敬业。
服务,商家态度极差
使用体验,不刺激，
整体,适合肤质：很好用的一款
服务,客服小海龙非常好。
整体,这个牌子很喜欢，
功效,第一次使用隔离霜感觉美白效果和隔离效果都很不错。
整体,这次买的也很好
价格,比专柜便宜多了，
整体,东西还不错用一段时间之后再来追评
功效,连续用了两片补水棒棒的，
功效,保湿效果真的很好！
整体,用过一次这款隔离感觉我用的比别家比较适合我很喜欢这次继续回购
整体,没让人失望
物流,****物流速度快，
包装,包装也挺好的，
服务,服务态度也很棒，
功效,感觉太白了，
使用体验,面膜有点硬，
功效,持久可以
价格,没想到算上赠品三个，
功效,白的不自然。
包装,就是看着包装和原来的稍微有点不一样 
使用体验,洗了以后不是很滋润，
整体,总体满意，
整体,喜欢哦
成分,面膜特别薄很服帖精华很多用完很保湿很不错。
气味,味道也不错！
使用体验,很水润。
功效,上妆效果：有点假面，
整体,质量还不错，
整体,感觉墨角澡面膜面膜比较好用。
功效,隔离效果好，
使用体验,就是太干
价格,不贵好用的牌子，
整体,不错的，
整体,还不错不过有点薄
物流,物流也快。
使用体验,用着很干，
气味,味道可以的！
整体,很好的面膜！
整体,期待一如以往的好用
整体,太差！
整体,好很好非常好
物流,**物流速度很快的！
价格,质优价廉，
整体,也是一款不错的CC霜
其他,质量很好的国货产品，
物流,快递小哥服务好，
气味,味道不错。
物流,发货及时
气味,很香哦！
整体,特别好用值得购买
使用体验,服帖是真的 
价格,赶上活动优惠屯起来吧?
使用体验,闷痘 
整体,很不错哦，
使用体验,洗完脸上滑滑的，
使用体验,不卡粉！
整体,喜欢 
整体,用着好，
包装,包装好看，
使用体验,听服帖，
整体,店家还送了两瓶卸妆水也很好哦
气味,有一点淡淡的香味，
物流,就是快递的包装怎么又是中空的，
整体,赞一个
物流,物流还不错，
整体,用着很好 
价格,性价比很高。
价格,买了两套送了一套赠品??，
气味,一股浓浓的酒精味
功效,感觉卸妆挺干净，
使用体验,用送的卸妆液卸下来很方便
使用体验,不刺激皮肤。
价格,价格便宜 
价格,活动就是便宜。
功效,清洁效果一般般吧
使用体验,用起来润润的。
整体,一点就够非常好用
物流,包装和快递都好，
物流,不错价格实惠物流快666666
整体,太不靠谱了吧，
物流,很快，
整体,效果还可以，
功效,保湿效果很好。
包装,颜色也很好。
价格,很便宜里面的化妆垫很贴心的设计哦
物流,物流也快，
整体,还好还好，
包装,喜欢粉粉的盒子。
价格,划算，
功效,感觉蛮补水的
成分,精华太少啦
气味,粉扑有一点刺鼻气味，
价格,一直都得上面买呢很实惠
整体,没毛病 
功效,很控油很持妆！
整体,不错的面膜，
功效,没有说的那么保湿，
使用体验,很好用敷过之后水水润润的，
功效,上妆效果：还可以，
物流,速度快 
真伪,是真品。
成分,精华液也特别多！
整体,还没有用习惯好评了。
物流,送货快！
整体,简直好用爆了，
整体,媳妇儿用的不错，
价格,价格也很实惠，
使用体验,一片一片的，
整体,还行吧 
整体,送的面膜盒很实用，
物流,快递很快呀 
价格,双12就是划算
价格,听朋友说增品不少，
整体,还好，
价格,特别实惠哈哈
使用体验,用完后也不油腻，
整体,还不错挺喜欢的
使用体验,用完不紧绷。
价格,碰到买一送一的活动感觉炒鸡划算的！
物流,物流快速。
物流,给快递小哥点赞。
气味,喜欢这颜色和味道，
物流,物流还是很快的。
整体,我妈特喜欢这款，
物流,**快递公司果然给力，
整体,效果还行，
气味,味道也很好闻。
真伪,上次买了水跟霜还蛮好用的是正品，
价格,比实体店便宜多了。
物流,**物流超快，
气味,个人情况：东西很棒买了两只泡沫挺多的味道有点香推荐入手
整体,挺喜欢的！
使用体验,不刺激皮肤，
功效,希望补水效果大大滴
气味,酒精的味道比较重
整体,挺喜欢用的
整体,很好用的宝贝儿，
物流,物流给力快递小哥服务态度很好。
成分,精华多，
整体,产品用起来很好呢
整体,裸妆不错
整体,用下来感觉蛮好的，
功效,颜色偏暗，
包装,新款的瓶子，
整体,感觉挺好了，
整体,妈妈说量有点少不过好用
整体,面膜非常不错。
使用体验,也不会很干。
整体,面膜非常好，
整体,感觉不错 
功效,一点都没有遮暇效果，
整体,还是可以的！
价格,商品价格优惠！
物流,物流还是很快的，
整体,啥也没送不太开心
包装,这包装实在不行，
包装,包装有点失望，
整体,品质好，
价格,搞活动买的99送了两个替换装，
整体,面膜第一次用感觉没有多大效果，
气味,味道也不浓重，
整体,挺好的吧 
整体,好用实惠，
使用体验,遮瑕力一般、主要是轻薄、提亮肤色、建议黄皮的买自然色或者无瑕色
功效,隔离效果很好。
气味,非常香，
其他,使用起来也很方便的！
整体,看产品还不错，
功效,这个遮瑕效果一般
整体,说还不错???
价格,价格也合适
气味,味道很香
使用体验,洗了脸上会比较油。
整体,宝贝不错下次还会光顾
价格,价格相当实惠，
气味,很香很香的。
功效,补水效果杠杠的
整体,用的很好。
使用体验,感觉洗得挺舒服的&hellip
功效,皮肤亮亮的，
使用体验,用量少洗的干净。
功效,美白作用
功效,这是我用过卸妆力最差！
气味,个人情况：有股淡淡的香味，
价格,啥赠品都没
价格,很划算啊还没用
使用体验,气垫的感觉也怪怪的两个小时就浮了
整体,还可以挺好用的
使用体验,细腻自然
价格,买一送一挺划算的，
整体,五分好评
物流,发货速度和配送服务还是一流的
价格,活动力度也很大，
整体,你这挺好用的还挺实惠，
使用体验,上妆效果：容易上装，
整体,挺舒服的，
使用体验,服帖！
使用体验,按压式用起来方便，
价格,很好用、买一送一超级划算、**物流超快！
包装,这还是品牌的包装太差了。
物流,物流超级给力！
物流,送货快
整体,都说好
包装,这包装的也是太随便了，
使用体验,这个隔离涂上不卡粉有提亮的效果，
整体,赞
整体,个人觉得很好用，
使用体验,有点卡粉，
功效,用起来感觉补水效果很明显
价格,关键价格便宜
整体,好好用 
功效,紫色遮黄效果特别好，
功效,遮瑕效果不错
使用体验,面膜很水润，
整体,用起来不错，
整体,质量杠杠的
使用体验,不紧绷！
使用体验,洗完感觉很干。
物流,物流还是一如既往的快，
使用体验,用过之后脸上滑滑的嫩嫩的喜欢
整体,面膜也很好用，
使用体验,水水润润很舒服，
真伪,感觉应该不是正品，
价格,价格实惠质量不错，
价格,有活动多囤一点，
价格,挺优惠的。
整体,还可以吧，
整体,先给好评吧，
物流,物流超级差 
整体,不错 
整体,希望补水效果好
整体,很赞，
整体,这款面膜很好用，
整体,不推荐使用
整体,自己觉得还挺好的
气味,味道清新，
整体,东西挺好，
功效,有点都不显白
整体,面膜很好以前我也用过这个牌子，
其他,颜色正，
整体,感觉不错的，
整体,一如既往的好
使用体验,和以前用的比起来更滑
包装,包装高档，
使用体验,油 
尺寸,很小得一支 
物流,打客服电话也是敷衍了事
气味,气味也蛮好
价格,实惠。
功效,很补水效果很好，
使用体验,比较干，
整体,用着一般，
其他,而且量特别少，
使用体验,很润相对好推开。
整体,超级好用。
功效,宝贝补水效果明显，
使用体验,用后感觉用水洗都油腻腻的，
整体,整体描述：还不错 
整体,宝贝很好，
整体,真心不错
整体,好用好用水润
功效,遮瑕的效果也特别好，
功效,很细腻白的不浮夸，
整体,瓶子很漂亮很喜欢也很好用快递很快态度好
整体,效果很不错的哦，
整体,这款还好
包装,包装差劲，
物流,速度真快，
物流,快递很给力，
整体,质量不错哦，
价格,好用又便宜 
功效,清洁能力：搞活动很实惠
功效,感觉效果不错，
功效,保湿很不错
功效,效果还不知道，
使用体验,这款洗面奶会刺激皮肤，
成分,水份充足，
整体,卸妆水好用，
价格,活动买的很划算。
整体,好好，
整体,不错的产品，
气味,味道清香。
整体,很好的面膜，
价格,好多赠品，
使用体验,皮肤早上起来都是很干的，
整体,非常开心。
整体,不错啊，
整体,好看方便使用，
整体,她说很不错的，
价格,东西便宜，
使用体验,贴个面部，
使用体验,很滋润，
使用体验,给我的感觉像没洗干净。
气味,味道很好闻，
价格,超级划算！
气味,还有淡淡的香味，
成分,水份挺足的
整体,非常好！
功效,隔离效果挺不错的，
整体,孩子很喜欢用，
整体,说超级好用。
功效,能修复皮肤 
整体,这面膜还挺好用的，
功效,??***人鱼公主面膜贴33片装（水养面膜20pc+雪润面膜13片）女海藻补水保湿提亮清洁收缩毛孔
使用体验,用过之后很清爽
整体,挺不错的好用
价格,性价比较高，
整体,我觉得很好用哦！
价格,活动买的。
使用体验,洗了感觉脸滑滑的，
整体,挺好用的是正品
整体,东西不错好用
功效,非常补水的面膜
使用体验,用着还行挺滋润的
整体,很很用的
其他,质量棒棒哒，
价格,另外有一个赠品，
价格,性价比不错哦！
使用体验,抹上脸都搓泥了，
真伪,正品
整体,超好用，
使用体验,挺温和的水润，
包装,包装和快递都好，
包装,就是包装有点简陋 
使用体验,脸上还有点痒
价格,价格也很亲民
使用体验,稍微有点油
使用体验,这款产品很温和，
功效,补水还行。
整体,比我用的那些韩国面膜好用，
使用体验,不错好帖
物流,完美收货，
价格,价格也便宜！
整体,效果很棒，
整体,好评吧
使用体验,服帖，
使用体验,水特别滋润！
价格,不过价格挺实惠的，
整体,用着还可以，
气味,味道也不错，
整体,不错哟
整体,好用又实惠。
功效,能遮暇，
使用体验,不干燥。
价格,感谢做活动这么便宜，
整体,不过挺适合我这种敏感肌的。
使用体验,泡沫很少，
使用体验,不干燥也不蜕皮，
价格,价格也不贵，
价格,关键是便宜了好多
功效,还挺亮白的，
整体,不错多次购买了
使用体验,轻薄服帖不油腻，
整体,真的很喜欢，
整体,感觉'还不错哦，
气味,味道有点大，
气味,味道也喜欢，
整体,还可以开始用
整体,她很喜欢。
使用体验,很自然
整体,质量很好。
整体,一如既往地好用！
物流,真好。
整体,好用不厚也不过敏
价格,超合算，
整体,感觉特别好用精华很多，
功效,对于我这种黄皮效果很好
功效,遮暇效果一般般吧
价格,价格实惠，
气味,闻着味道也没错。
功效,显白水润还送卸妆水，
整体,你还不入手吗？很棒，
整体,一直用的，
价格,就是买贵了，
使用体验,容易推开，
整体,还可以还有赠送，
整体,特别喜欢，
功效,质地柔软均匀，
整体,东西好，
价格,性价比很高，
整体,感觉很不错哦
价格,宝贝物美价廉非常好虽然还没用，
使用体验,也没有什么不良反应，
价格,经常都有优惠活动，
功效,提亮肤色，
使用体验,脸也感觉滑滑的，
功效,用过感觉挺补水的。
价格,宝贝收到了真的是很划算，
价格,而且经常做活动 
价格,东西挺好用的便宜实惠又好用
功效,清洁能力也不错，
真伪,扫码是正品，
功效,底色很好，
功效,这款自然色咋那么白?
整体,超级好
整体,数次回购～～～忠实用户～～这次双十一购了满满一箱～～屯够一年的用量～～～赞一个～～
整体,***的洗颜霜确实是比较赞的
整体,宝贝挺好用的，
物流,但是也是非常速度了，
功效,颜色比较好看，
物流,包装严实，
功效,补水效果真的很明显，
其他,价格便宜量又足，
物流,快递人员服务态度也很好，
整体,还可以
使用体验,从来不长闭合或者痘痘，
整体,擦了效果不是很明显，
功效,效果比想像的要好
服务,客服非常非常满意
整体,很不错??
价格,很好物美价廉很好物美价廉很好物美价廉很好
包装,面膜包装很好，
整体,用了一片还不错，
价格,买了两瓶赠了好多赠品，
价格,最主要是价格比较实惠
整体,先好评吧！
使用体验,泡泡多，
使用体验,粉浮着，
整体,应该还可以吧，
包装,包装很严实，
价格,价位也非常合适。
使用体验,感觉很服帖。
整体,这款面膜用的还可以，
使用体验,就是有点稠，
整体,宝贝收到非常喜欢
真伪,查防伪是正品，
尺寸,小小的一个 
整体,承包了已经这个真的超好用，
功效,卸妆效果非常好，
功效,卸妆比较干净，
使用体验,用起来很清爽不油
物流,速度又快，
真伪,像正品的，
整体,挺好用的不油很清爽，
价格,遇到活动时候抢来用最实惠，
物流,**送货也快
气味,卸妆水很好闻！
物流,快递非常给力，
功效,挺补水的
气味,味道香香的
使用体验,面膜纸也不厚 
价格,经济又实惠。
价格,便宜又好用。
气味,香味特别喜欢。
整体,效果比较好。
价格,这次活动买了三盒?
物流,这次的物流出奇的快，
整体,真心觉得不开心
价格,双十一很便宜。
物流,尤其是快递小哥服务态度特别好，
服务,服务态度，
整体,很好用补水保湿效果很好，
气味,好香，
使用体验,洗面奶很温和，
功效,清洁能力：弱 
整体,说比较好用，
功效,保湿效果非常好，
功效,皮肤亮白！
使用体验,推开也不错，
成分,精华也很多
整体,是一款很不错的面膜
使用体验,对我来说有点干 
价格,能用很久了性价比真高
整体,还不错呢，
使用体验,面膜非常滋润，
使用体验,清澈
整体,这个用着挺好
使用体验,用了也特别自然，
整体,补水用这个真的很好
整体,喜欢??
价格,送了赠品，
功效,清洁能力：感觉清洁不太好，
整体,感觉效果还不错，
整体,这款面膜真的很好用，
整体,衣服收到了穿上很好看，
功效,挺干净！
使用体验,比较温和，
整体,话不多说很好用
使用体验,不紧绷
使用体验,脸滑滑的，
整体,还不错呢
气味,有一股淡淡的香味，
使用体验,滑滑的，
功效,有一定的保湿补水的功效，
使用体验,很温和，
使用体验,用起来一点也不起皮用完在回购
物流,味道挺好的速度也快
服务,服务周到！
整体,一下买了两件.以前用过.挺好的下次继续光临
整体,东西正经不错，
物流,物流给力，
整体,味道还可以
包装,外观好看，
整体,一如既往的好用，
物流,快寄很给力，
使用体验,清透不油腻
包装,包装盒完好，
整体,超赞，
整体,蛮好的
价格,优惠，
整体,孩子喜欢这款洗面奶，
价格,很划算很喜欢
服务,服务态度好
使用体验,也不干，
价格,这款面膜好用不贵，
整体,使用效果还可以。
包装,包装很好
使用体验,感觉防晒都是有点油
整体,非常好用的卸妆水，
物流,服务态度也好
整体,不错不错 
成分,好多水，
整体,送货速度快好好好好好
物流,送货速度超快 
整体,太合适了
服务,客服服务态度也不错。
整体,非常好??长期使用！
包装,外观也很好看啊
真伪,假货假货假货，
价格,**搞活动的时候买的，
价格,最主要是便宜，
功效,去污力强
使用体验,用着很舒服 
整体,很划算很喜欢
使用体验,特别是黑面膜非常舒服用了
整体,值得推荐
物流,店家发货很快，
整体,爱不释手
整体,妥妥的没毛病 
使用体验,使用后冰冰凉凉，
整体,东西不错，
价格,赠品加面膜，
整体,非常的不错，
整体,据说挺好碰到活动买来试试
真伪,假的
整体,很喜欢味道也还好 
物流,物流也超级快，
价格,赠品也不错
功效,给手背上试了试不错细腻亮白
价格,双十一买还送礼品，
使用体验,水分还可以，
功效,好卸妆，
使用体验,虽然有一点点干。
价格,评价实惠好用！
整体,很棒了，
整体,效果还是挺好的，
功效,清理力也强，
价格,还是有活动的时候买最合适，
整体,一直都用***面膜感觉还可以
整体,我觉得这款还蛮好用的，
物流,**物流也非常强
整体,会回购喜欢 
服务,老板人很好，
成分,精华液特别多，
尺寸,大小合适。
整体,用着很好
包装,看包装挺好的，
整体,搞活动买的价格很便宜，
气味,一打开味道太刺鼻了，
包装,包装很漂亮，
整体,很不错的，
整体,满意！
整体,很好用哦
整体,很好的隔离霜，
包装,包装得到了她的青睐，
使用体验,超好用很水润，
使用体验,保湿不油腻，
物流,送货飞快，
价格,真的好便宜，
功效,也很修复的，
整体,效果不错哦，
整体,用这个挺好的
真伪,估计假货吧，
整体,看着还可以 
价格,比实体店便宜很多，
价格,非常实惠，
价格,清洁能力：搞活动很实惠
其他,颜色好，
物流,快递也超快。
使用体验,抹上去了感觉看起来很爽，
整体,很满意，
整体,是我喜欢的款式。
整体,很满意的一次购物
价格,我是店铺搞活动时买的，
物流,宝贝很快就收到了。
物流,速度也快
使用体验,不过有点干。
使用体验,不干燥，
整体,很喜欢用这款面膜，
使用体验,很轻薄透亮，
功效,颜色也正合适，
整体,这个真的还不错 
功效,不假白。
物流,快递小哥很热情，
整体,物美价廉好评
使用体验,挺滋润的，
整体,用着很可以，
整体,应该不错，
整体,还行吧、是按压头、不会很浪费、或者步步小弄倒也不会倒掉
整体,用起来还可以吧，
整体,哈哈最喜欢这个面膜了回购了
价格,价格也不高，
整体,感觉也还好。
整体,很清爽很喜欢，
整体,运货速度也非常快非常满意
使用体验,面膜纸贴合很好，
功效,防晒效果还待观察！
整体,应该不错吧。
整体,嗯满意。
物流,辛苦快递小哥了！
物流,快递也很给力，
整体,很赞。
价格,实惠
整体,不过看起来还不错，
气味,味道好闻
功效,紫色隔离还增白，
使用体验,很滋润
整体,很方便
包装,连盒子都没有
价格,很好用，
成分,精华液多，
新鲜度,保质期四年，
服务,客服态度极差。
使用体验,不干还好吸收，
真伪,该商家卖的全是假货，
使用体验,昨天晚上用了感觉皮肤水嫩的
整体,好评哈
整体,大赞
整体,好评
真伪,正品保证
物流,双十一物流居然也第二天到，
整体,很喜欢 
使用体验,水分吸收很快就干了，
整体,总之为了挺好的
使用体验,薄，
价格,性价比很高的活动就参加了！
物流,物流很快啊我都用上了
使用体验,用着还可以主要按压比较方便不用倒出来那种
整体,很好便宜实惠支持**商城
成分,成分很安全的一款面膜，
使用体验,服帖 
整体,很好用的一款面膜，
价格,比较费
整体,物有所值用几天再来追评
整体,卸妆还不错?赠品也是一样的还有卸妆棉?
使用体验,氨基酸洗面奶较温和，
使用体验,刚上脸觉得有些黏腻，
使用体验,很去油，
物流,**发货送货很快，
气味,轻微酒精味，
使用体验,水分超足 
物流,**快递速度快，
物流,物流神速，
价格,活动买很划算的，
整体,这隔离霜也挺流的
物流,不过快递大哥人很好哦，
价格,又实惠，
功效,这个面膜跟补水，
物流,物流也快
功效,补水效果非常好
整体,必须好评呀，
整体,她很喜欢，
包装,包装也很好，
整体,宝贝还不错啊，
整体,一直在用真的很不错的，
整体,还可以吧。
物流,**的物流真是超级快，
整体,媳妇说很好值得拥有。
真伪,隔离防晒霜正品，
使用体验,搓泥 
整体,第一次用感觉效果还不错?挺喜欢的
整体,用后感觉不错
功效,保湿锁水效果真的很好，
整体,老婆拆开冼了一次很好，
整体,还不错啦，
使用体验,用完感觉皮肤很清爽
价格,活动价超好哦，
整体,棒棒哒，
整体,感觉挺好
整体,很好的一次购物，
整体,比商品非常不错性价非常好
服务,一系列的服务都满意
物流,就这速度也必须给个好评
整体,面膜超级好用，
气味,味道很好，
整体,感觉很不错的样子
整体,比较适合她的皮肤。
整体,特别的好用，
价格,也划算。
功效,持妆和控油效果都不错，
价格,不错价格实惠
使用体验,用后挺清爽的
其他,也挺环保。
整体,"还不错,在实体店看过了,**相对便宜很多,果断购买."
使用体验,还辣眼睛，
整体,听朋友说挺好用的，
服务,有疑问小鲸鱼都一一解答服务非常好
成分,水比较多，
整体,真的是差评差评，
包装,盒子很漂亮，
气味,味道淡淡的，
物流,尤其是快递小哥非常给力，
真伪,扫描了是正品，
使用体验,也不刺激，
功效,很好用补水保湿效果很好，
功效,他家保湿真的好，
功效,持久情况：下午好像有点出油 
气味,和在门店买的味道不一样，
价格,很实惠，
其他,量大。
使用体验,清透湿润，
整体,喜欢喜欢喜欢
价格,便宜。
使用体验,酒精味好浓
功效,很补水！
其他,就是少了点
物流,物流太快了，
使用体验,感觉比较难清洗，
整体,感觉还挺不错的，
真伪,但是看包装什么像是正品
气味,味道有点点膳？听湿润，
使用体验,延展性很好，
使用体验,挺好吸收，
使用体验,很温和不刺激。
整体,很适合
使用体验,就是看着油亮亮的
使用体验,真的很好敷完以后水水的嫩嫩的，
整体,就是一个垃圾！
物流,速度速度，
物流,快速到达。
价格,价格也很便宜，
整体,东西收到了有点失望，
功效,上妆效果：效果服帖且显白 
其他,质量很好，
物流,卖家发货速度快的，
使用体验,面膜蛮轻薄的，
其他,洗面奶很薄，
整体,差，
整体,不错刚用两天
功效,保湿效果非常好。
物流,快递小哥很礼貌
整体,感觉应该不错。
使用体验,清爽不油腻，
整体,不过产品很好用，
整体,当然棒棒
整体,喜欢用这个牌子的东西，
其他,气垫扑太厚了。
整体,很好值得大家购买
物流,到货很快 
整体,是我用过洗面奶最垃圾的一次。
功效,很干净 
整体,用了之后觉得皮肤还是挺好的，
使用体验,气垫使用方便，
整体,东西一般吧，
整体,真的很好！
整体,好用哦 
价格,这次做活动几天买了两包试试
功效,控油效果一般 
包装,产品包装很好
整体,超喜欢就是好 
价格,价格便宜实惠东西不错，
整体,一直都很好用
价格,每次赠送的小礼品也很多！
功效,很自然
物流,补水效果很好?快递小哥态度也很好?
使用体验,贴完脸很舒服
整体,非常不错噢
功效,补水效果很好?快递小哥态度也很好?
整体,妈妈挺喜欢这个牌子的，
使用体验,清洗得干净且脸没有紧绷感
功效,卸妆很干净，
使用体验,不跑妆
整体,很满意哦
功效,面膜特别薄很服帖精华很多用完很保湿很不错。
新鲜度,日期不是新的很近至于产品就不知道怎样了
整体,正装一如既往的好送的比之前的少了点 
使用体验,味道有点点膳？听湿润，
功效,紫色提亮肤色不夸张 
整体,所以很喜欢，
价格,很实惠的CC霜，
整体,感觉不高
价格,赠品很丰富
整体,挺不错的！
整体,我超级喜欢?，
整体,感觉可以的
价格,但也比商场便宜，
使用体验,还难推开，
整体,用起来感觉还好，
整体,这次网购跟实体店质量差不多，
其他,性价比不错
功效,"接受不了,还有感觉不服帖，"
使用体验,涂上很细腻
服务,不能改地址还挺麻烦的
整体,一般般
气味,非常的香，
功效,补水隔离效果好，
价格,价格实惠还有赠品
气味,面膜有淡淡的香味，
整体,用着还可以！
功效,试了一张保湿照顾还不错，
功效,白的很自然，
功效,保湿不油腻，
整体,气垫水润，
整体,喜欢！
功效,和我的皮肤颜色相近，
整体,不错！
价格,就降价了，
整体,赞?
真伪,正品保证，
使用体验,也润！
物流,发货迅速而且质量不错，
使用体验,挺显白的，
真伪,是真品
整体,挺好的 
物流,发货神速，
功效,具有美白效果 
整体,五星好评，
整体,用得也很好噢，
整体,面膜用着不错，
价格,这款应该是物美价廉的产品，
使用体验,但是妆感还可以
包装,比自己皮肤颜色稍微白一点，
使用体验,和皮肤很贴，
使用体验,贴合度不是特别好
整体,可以可以可以可以，
整体,很好用哦！
整体,很满意不贵！
真伪,很滋润是正品
价格,价格便宜
气味,物流很快还是那个味道 
物流,发货很快，
整体,希望好用
整体,失望
使用体验,很清爽！
整体,总之挺好用的
使用体验,质地轻薄比较好推开，
服务,客服也很细心，
尺寸,妈妈说量有点少不过好用
物流,**快递是蛮快的，
整体,感觉蛮好的，
整体,听说用着还不错！
整体,挺好的！
包装,包装精美，
使用体验,也很好吸收，
包装,看着袋子很漂亮。
整体,很适合我的皮肤。
使用体验,皮肤不好的时候会起皮。
包装,是新款的包装，
整体,可以的
价格,首先不得不说99元买还有两个替换装很划算，
整体,超好用很水润，
整体,总体来说还可以，
价格,价格很合适，
物流,**上快递真的不错
物流,物流也很快。
整体,打开后宝贝也很漂亮，
整体,一流产品，
整体,东西非常好！
使用体验,保湿做好不会有卡粉浮粉现象。
成分,精华很多，
整体,***的产品都超级好用，
使用体验,用了会不会过敏，
使用体验,不卡粉是我喜欢的
整体,感觉很适合我的皮肤！
价格,价格还算实惠，
整体,东西比较好用，
物流,但是物流应该改进，
使用体验,而且不油腻，
整体,赞赞
功效,美白隔离效果很好 
整体,老婆看的很喜欢的，
价格,物美价廉好评
使用体验,太干了，
使用体验,很均匀
物流,快递很负责的让我打开看看有没有破损，
整体,面膜非常好用，
价格,做活动，
整体,太假了会掉粉还起皮，
物流,快递没话说，
功效,清洗得干净且脸没有紧绷感
其他,颜色粉粉的，
使用体验,粉质不是很好，
真伪,应该正品
功效,用完以后皮肤水润白皙，
整体,看着真不错
物流,快递员也很好，
使用体验,水水的，
使用体验,上妆比较滋润，
整体,听同事们讲这款CC气垫霜很好用，
使用体验,脸上洗的好干净，
使用体验,也不油腻
整体,用起来挺好，
功效,清洁能力：泡沫很多，
价格,经济实惠的。
整体,是我喜欢的
气味,我喜欢这种香香的味道，
整体,很快收到不错！
整体,比我在店里买的其他二百的都好用。
物流,态度很好，
气味,味道也喜欢
包装,包装看起来还挺不错，
物流,申通快递走了一周多&hellip
功效,就是不保湿，
尺寸,形状都不规整，
使用体验,有泡沫，
价格,就是优惠力度感觉没有以前大了！
整体,很不错的一款气垫，
物流,快递小哥服务很好，
整体,用了说不错，
使用体验,不会过敏 
价格,价格也挺实惠，
使用体验,不是特别油，
整体,觉得还行
价格,性价比比较高，
整体,效果还可以。
使用体验,老婆用了更滋润
功效,保湿效果不错，
